MOH_PRO_ID,SERV_DET,EN_NAME,ADDRESS_1,COMMUNITY,POSTALCODE,ADDRESS_2,EFF_DATE
2872,NH for-profit,Afton Park Place Long Term Care Community,1200 Afton Drive,Sarnia,N7S6L6, ,20200403204244
2983,CHFA,"Albright Gardens Homes, Incorporated",5050 Hillside Drive,Lincoln,L0R1B2, ,20200403204244
2861,NH for-profit,Alexander Place,329 Parkside Drive,Hamilton,L0R2H0,Postal Office Box 50,20200403204244
3041,MHFA,Algoma Manor Nursing Home,145 Dawson Street,Thessalon,P0R1L0, ,20200403204244
2647,NH for-profit,Algonquin Nursing Home,207 Turcotte Park Road,Mattawa,P0H, ,20200403204244
M536,MHFA,Allendale,185 Ontario Street South,Milton,L9T2M4, ,20200403204244
2692,NH for-profit,Almonte Country Haven,333 Country Street,Mississippi Mills,K0A1A0,Postal Office Box 250,20200403204244
956,NH for-profit,Altamont Care Community,92 Island Road,Toronto,M1C2P5, ,20200403204244
2786,NH for-profit,Anson Place Care Centre,85 Main Street North,Hagersville,N0A1H0, ,20200403204244
2930,NH for-profit,Arbour Creek Long-Term Care Centre,2717 King Street East,Hamilton,L8G1J3, ,20200403204244
2982,NH for-profit,Arbour Heights,564 Tanner Drive,Kingston,K7M0C3, ,20200403204244
2756,NH non-profit,Atikokan General Hospital,120 Dorothy Street,Atikokan,P0T1C0, ,20200403204244
M502,MHFA,Au Chateau,100 Michaud Street,West Nipissing,P2B2Z4, ,20200403204244
2715,NH for-profit,Avalon Retirement Centre,355 Broadway Avenue,Orangeville,L9W3Y3, ,20200403204244
2626,NH for-profit,Babcock Community Care Centre,196 Wellington Street,Wardsville,N0L2N0,Postal Office Box 190,20200403204244
2263,NH for-profit,Banwell Gardens Care Centre,3000 Banwell Road,Windsor,N8N2M4, ,20200403204244
2830,NH for-profit,Barnswallow Place Care Community,120 Barnswallow Drive,Elmira,N3B2Y9, ,20200403204244
2657,NH for-profit,Bay Haven Nursing Home,499 Hume Street,Collingwood,L9Y4H8, ,20200403204244
2895,NH for-profit,Bay Ridges,900 Sandy Beach Road,Pickering,L1W1Z4, ,20200403204244
2772,NH for-profit,Bayfield Manor,100 Elvira Street,Kemptville,K0G1J0,"Postal Office Bag 3000, P.O",20200403204244
2581,NH for-profit,BayWoods Place,330 Main Street East,Hamilton,L8N3T9, ,20200403204244
2890,NH for-profit,Bella Senior Care Residences,8720 Willoughby Drive,Niagara Falls,L2G7X3, ,20200403204244
2985,CHFA,Belmont House,55 Belmont Street,Toronto,M5R1R1, ,20200403204244
2901,NH for-profit,Belmont Long Term Care Facility,250 Bridge Street West,Belleville,K8P5N3, ,20200403204244
M503,MHFA,Belvedere Heights,21 Belvedere Avenue,Parry Sound,P2A2A2, ,20200403204244
M504,MHFA,Bendale Acres,2920 Lawrence Avenue East,Toronto,M1P2T8, ,20200403204244
2816,NH non-profit,Bennett Health Care Centre,1 Princess Anne Drive,Halton Hills,L7G2B8, ,20200403204244
2541,NH for-profit,Berkshire Care Centre,350 Dougall Avenue,Windsor,N9A4P4, ,20200403204244
2687,NH non-profit,Bethammi Nursing Home,63 Carrie Street,Thunder Bay,P7A4J2, ,20200403204244
2986,CHFA,Bethany Lodge,23 Second Street,Markham,L3R2C2, ,20200403204244
2938,NH for-profit,Billings Court Manor,3700 Billings Court,Burlington,L7N3N6, ,20200403204244
2620,NH for-profit,Birchwood Terrace,237 Lakeview Drive,Kenora,P9N4J7,R.R. 1,20200403204244
2641,NH for-profit,Blackadar Continuing Care Centre,101 Creighton Road,Hamilton,L9H3B7, ,20200403204244
2695,NH for-profit,Blenheim Community Village,10 Mary Avenue,Chatham-Kent,N0P1A0, ,20200403204244
2697,NH for-profit,Bloomington Cove Care Community,13621 Ninth Line,Whitchurch-Stouffville,L4A3C8, ,20200403204244
2987,CHFA,Blue Water Rest Home,37792 Zurich-Hensall Road,Zurich,N0M2T0, ,20200403204244
2967,NH non-profit,Bob Rumball Home for The Deaf,1 Royal Parkside Drive,Barrie,L4M0C4, ,20200403204244
M603,MHFA,Bobier Villa,1 Bobier Lane,Dutton,N0L1J0, ,20200403204244
M506,MHFA,Bonnechere Manor,470 Albert Street,Renfrew,K7V4L5, ,20200403204244
2905,NH for-profit,Bradford Valley Care Community,2656 Line 6,Bradford West Gwillimbury,L3Z2A1, ,20200403204244
2788,NH for-profit,Braemar Retirement Centre,719 Josephine Street North,Wingham,N0G2W0,"R.R. 1, Postal Office Box 1060",20200403204244
2678,NH for-profit,Brierwood Gardens,425 Park Road North,Brantford,N3R7G5, ,20200403204244
2684,NH for-profit,Broadview Nursing Centre,210 Brockville Street,Smiths Falls,K7A3Z4, ,20200403204244
2301,NH for-profit,Brouillette Manor,11900 Brouillette Court,Windsor,N8N4X8, ,20200403204244
M507,MHFA,Brucelea Haven Long Term Care Home - Corporation of the County of Bruce,41 McGivern Street West,Walkerton,N0G2V0,Postal Office Box 1600,20200403204244
2857,NH for-profit,Burloak,5959 New Street,Burlington,L7L6W5, ,20200403204244
2686,NH for-profit,Burnbrae Gardens Long Term Care Residence,320 6th Line East,Campbellford,K0L1L0, ,20200403204244
2953,NH for-profit,Burton Manor,5 Drive,Brampton,L6Y5P3,Suite rritt,20200403204244
2774,NH non-profit,CAMA Woodlands Nursing Home,159 Panin Road,Burlington,L7P5A6, ,20200403204244
2651,NH for-profit,Cambridge Country Manor,3680 Speedsville Road,Cambridge,N3H4R6,R.R. 1,20200403204244
2472,NH for-profit,Camilla Care Community,2250 Hurontario Street,Mississauga,L5B1M8, ,20200403204244
M596,MHFA,Carefree Lodge,306 Finch Avenue East,Toronto,M2N4S5, ,20200403204244
2748,NH for-profit,Caressant Care Arthur Nursing Home,215 Eliza Street,Arthur,N0G1A0,Postal Office Box 700,20200403204244
1160,NH for-profit,Caressant Care Bourget,2279 Laval Road,Clarence-Rockland,K0A1E0,Postal Office Box 99,20200403204244
2827,NH for-profit,Caressant Care Cobden,12 Wren Drive,Cobden,K0J1K0,Postal Office Box 430,20200403204244
2826,NH for-profit,Caressant Care Courtland,4850 Highway,Courtland,N0J1E0,"Unit 59, Postal Office Box 279",20200403204244
2603,NH for-profit,Caressant Care Fergus Nursing Home,450 Queen Street East,Fergus,N1M2Y7, ,20200403204244
2595,NH for-profit,Caressant Care Harriston,24 Louise Street,Minto,N0G1Z0,Postal Office Box 520,20200403204244
2701,NH for-profit,Caressant Care Lindsay Nursing Home,240 Mary Street West,Kawartha Lakes,K9V5K5, ,20200403204244
2664,NH for-profit,Caressant Care Listowel Nursing Home,710 Reserve Avenue South,Listowel,N4W2L1, ,20200403204244
2718,NH for-profit,Caressant Care Marmora,58 Bursthall Street,Marmora,K0K2M0,Postal Office Box 429,20200403204244
2730,NH for-profit,Caressant Care on Bonnie Place,15 Bonnie Place,St. Thomas,N5R5T8, ,20200403204244
2627,NH for-profit,Caressant Care on Mary Bucke,4 Mary Bucke Street,St. Thomas,N5R5J6, ,20200403204244
2916,NH for-profit,Caressant Care on McLaughlin Road,114 McLaughlin Road,Kawartha Lakes,K9V6L1, ,20200403204244
2636,NH for-profit,Caressant Care Woodstock Nursing Home,81 Fyfe Avenue,Woodstock,N4S8Y2, ,20200403204244
M508,MHFA,Carleton Lodge,55 Lodge Road,Ottawa,K2C3H1,R.R. 2,20200403204244
2420,NH for-profit,Carlingview Manor,2330 Carling Avenue,Ottawa,K2B7H1, ,20200403204244
2683,NH for-profit,Carveth Care Centre,375 James Street,Gananoque,K7G2Z1, ,20200403204244
958,NH for-profit,Case Manor Care Community,28 Boyd Street,Kawartha Lakes,K0M1A0,Postal Office Box 670,20200403204244
M509,MHFA,Cassellholme,400 Olive Street,North Bay,P1B6J4, ,20200403204244
M510,MHFA,Castleview Wychwood Towers,351 Christie Street,Toronto,M6G3C3, ,20200403204244
2912,NH for-profit,Cawthra Gardens,590 Lolita Gardens,Mississauga,L5A4N8, ,20200403204244
2769,NH for-profit,Cedarvale Lodge Retirement and Care Community,121 Morton Avenue,Georgina,L4P2M5, ,20200403204244
2591,NH for-profit,Cedarvale Terrace,429 Walmer Road,Toronto,M5P2X9, ,20200403204244
7093,NH for-profit,Cedarwood Lodge,860 Great Northern Road,Sault Ste. Marie,P6B0B5, ,20200403204244
2768,NH for-profit,Cedarwood Village,500 Queensway West,Simcoe,N3Y4R4, ,20200403204244
2903,NH for-profit,Centennial Place Long-Term Care Home,2 Centennial Lane North,Millbrook,M5J2G2, ,20200403204244
M511,MHFA,Centre d'Accueil Champlain,275 Perrier Avenue,Ottawa,K1L5C6, ,20200403204244
2988,CHFA,Centre d'Accueil Roger Seguin,435 Lemay Street,Clarence Creek,K0A1N0, ,20200403204244
2630,NH for-profit,Chartwell Aurora Long Term Care Residence,32 Mill Street,Aurora,L4G2R9, ,20200403204244
2740,NH for-profit,Chartwell Aylmer Long Term Care Residence,465 Talbot Street West,Aylmer,N5H1K8, ,20200403204244
2658,NH for-profit,Chartwell Ballycliffe Long Term Care Residence,70 Station Street,Ajax,L1S1R9, ,20200403204244
2613,NH for-profit,Chartwell Bon Air Long Term Care Residence,131 Laidlaw Street South,Cannington,L0E1E0, ,20200403204244
2900,NH for-profit,Chartwell Brant Centre Long Term Care Residence,1182 Northshore Boulevard East,Burlington,L7S1C5, ,20200403204244
925,NH for-profit,Chartwell Champlain Long Term Care Residence,428 Front Road West,L'Orignal,K0B1K0, ,20200403204244
2471,NH for-profit,Chartwell Elmira Long Term Care Residence,11 Herbert Street,Elmira,N3B2B8, ,20200403204244
2556,NH for-profit,Chartwell Gibson Long Term Care Residence,1925 Steeles Avenue East,Toronto,M2H2H3,Suite eles,20200403204244
2680,NH for-profit,Chartwell Lancaster Long Term Care Residence,105 Military Road North,Lancaster,K0C1N0,Postal Office Box 429,20200403204244
2919,NH for-profit,Chartwell London Long Term Care Residence,2000 Blackwater Road,London,N5X4K6, ,20200403204244
2618,NH for-profit,Chartwell Niagara Long Term Care Residence,120 Wellington Street,Niagara-On-The-Lake,L0S1J0,Postal Office Box 985,20200403204244
2632,NH for-profit,Chartwell Parkhill Long Term Care Residence,250 Tain Street,Parkhill,N0M2K0,Postal Office Box 129,20200403204244
2808,NH for-profit,Chartwell Pine Grove Long Term Care Residence,8403 Islington Avenue,Vaughan,L4L1X3, ,20200403204244
2939,NH for-profit,Chartwell Royal Oak Long Term Care Residence,1750 Division Road North,Kingsville,N9Y4G7, ,20200403204244
2899,NH for-profit,Chartwell Trilogy Long Term Care Residence,340 McCowan Road,Toronto,M1J3P4, ,20200403204244
2908,NH for-profit,Chartwell Waterford Long Term Care Residence,2140 Baronwood Drive,Oakville,L6M4V6, ,20200403204244
2833,NH for-profit,Chartwell Wenleigh Long Term Care Residence,2065 Leanne Boulevard,Mississauga,L5K2L6, ,20200403204244
2943,NH for-profit,Chartwell Westbury Long Term Care Residence,495 The West Mall,Toronto,M9C5S3, ,20200403204244
2880,NH for-profit,Chartwell Westmount Long Term Care Residence,200 David Bergey Drive,Kitchener,N2E3Y4, ,20200403204244
2583,NH for-profit,Chartwell White Eagle Long Term Care Residence,138 Dowling Avenue,Toronto,M6K3A6, ,20200403204244
2921,NH for-profit,Chartwell Willowgrove Long Term Care Residence,1217 Old Mohawk Road,Hamilton,L9K1P6, ,20200403204244
2888,NH for-profit,Chartwell Woodhaven Long Term Care Residence,380 Church Street,Markham,L6B1E1, ,20200403204244
2885,NH for-profit,Chartwell Wynfield Long Term Care Residence,451 Woodmount Drive,Hampton,L1G8E3, ,20200403204244
2712,NH for-profit,Chateau Park Long Term Care Home,2990 Riverside Drive West,Windsor,N9C1A2,Unit B,20200403204244
2655,NH for-profit,Chelsey Park,310 Oxford Street West,London,N6H4N6, ,20200403204244
922,NH for-profit,Cheltenham Care Community,5935 Bathurst Street,Toronto,M2R1Y8, ,20200403204244
2970,NH non-profit,Chester Village,3555 Danforth Avenue,Toronto,M1L1E3, ,20200403204244
2721,NH for-profit,Clarion Nursing Home,337 Highway,Hamilton,L8G1E7,Unit 8,20200403204244
2696,NH for-profit,Coleman Care Centre,140 Cundles Road West,Barrie,L4N9X8, ,20200403204244
2781,NH for-profit,Collingwood Nursing Home,250 Campbell Street,Collingwood,L9Y4J9, ,20200403204244
2856,NH for-profit,Columbia Forest,650 Mountain Maple Avenue,Waterloo,N2V2P7, ,20200403204244
2124,NH for-profit,Cooksville Care Centre,55 The Queensway West,Mississauga,L5B1B5, ,20200403204244
2937,NH non-profit,Copernicus Lodge,66 Roncesvalles Avenue,Toronto,M6R3A7, ,20200403204244
1115,NH for-profit,Copper Terrace,91 Tecumseh Road,Chatham-Kent,N7M1B3, ,20200403204244
1027,NH for-profit,Country Lane Long Term Care Residence,317079 Highway 6,Chatsworth,N0H1G0,"R. R. 3, 10",20200403204244
907,NH for-profit,Country Terrace,10072 Oxbow Drive,Komoka,N0L1R0,R.R. 3,20200403204244
2576,NH for-profit,Country Village Homes - Woodslee,440 County Road 8,South Woodslee,N0R1V0,R.R. 2,20200403204244
2585,NH for-profit,Northview Nursing Home,77 River Road,Englehart,P0J1H0,Postal Office Box 1139,20200403204244
M607,MHFA,Northwood Lodge,51 Highway 105,Red Lake,P0V2M0,Postal Office Box 420,20200403204244
M624,MHFA,Norview Lodge,44 Rob Blake Way,Simcoe,N3Y0E3, ,20200403204244
2201,NH for-profit,Norwood Nursing Home,122 Tyndall Avenue,Toronto,M6K2E2, ,20200403204244
2593,NH for-profit,Oak Terrace,291 Mississaga Street West,Orillia,L3V3B9, ,20200403204244
2661,NH for-profit,Oakwood Park Lodge,6747 Oakwood Drive,Niagara Falls,L2G0J3, ,20200403204244
3042,NH non-profit,Oneida Nation of the Thames Long-Term Care Home (Tsi' Nu: yoyantle' Na' Tuhuwatisni),2229 Elm Avenue,Southwold,N0L2G0,R.R. 2,20200403204244
2477,NH for-profit,Orchard Terrace Care Centre,199 Glover Road,Hamilton,L8E5J2, ,20200403204244
2693,NH for-profit,Orchard Villa,1955 Valley Farm Road,Pickering,L1V3R6, ,20200403204244
2584,NH for-profit,Owen Hill Care Community,130 Owen Street,Barrie,L4M3H7, ,20200403204244
1131,NH for-profit,Parisien Manor,439 Second Street East,Cornwall,K6H1Z2, ,20200403204244
2779,NH for-profit,Park Lane Terrace,295 Grand River Street North,Brant,N3L2N9, ,20200403204244
2968,NH non-profit,Parkview Home Long-Term Care,123 Weldon Road,Whitchurch-Stouffville,L4A0G8, ,20200403204244
1053,NH for-profit,Parkview Manor Health Care Centre,98 - 3rd Street South,Chesley,N0G1L0,"Postal Office Box 298, East",20200403204244
2700,NH for-profit,Parkview Nursing Centre,545 King Street West,Hamilton,L8P1C1, ,20200403204244
2952,NH non-profit,Parkwood Mennonite Home,726 New Hampshire Street,Waterloo,N2K4M1, ,20200403204244
M562,MHFA,Peel Manor,525 Main Street North,Brampton,L6X1N9, ,20200403204244
2990,CHFA,peopleCare A.R. Goudie Kitchener,369 Frederick Street,Kitchener,N2H2P1, ,20200403204244
2606,NH for-profit,peopleCare Hilltop Manor Cambridge,42 Elliott Street,Cambridge,N1R2J2, ,20200403204244
2980,NH for-profit,peopleCare Oakcrossing London,1242 Oakcrossing Road,London,N6H0G2, ,20200403204244
2614,NH for-profit,peopleCare Tavistock,28 William Street North,Tavistock,N0B2R0,Postal Office Box 460,20200403204244
962,NH for-profit,Perth Community Care Centre,101 Christie Lake Road,Perth,K7H3C6,R. R. 4,20200403204244
M609,MHFA,Peter D. Clark Centre,9 Meridian Place,Ottawa,K2G6P8, ,20200403204244
2796,NH non-profit,Pine Meadow Nursing Home,124 Lloyd Street,Northbrook,K0H2G0,Postal Office Box 100,20200403204244
2750,NH for-profit,Pine Villa Nursing Home,490 Hamilton Regional Road 8,Hamilton,L8G1G6,Unit 8,20200403204244
M563,MHFA,Pinecrest (Kenora),1220 Valley Drive,Kenora,P9N2W7, ,20200403204244
2797,NH for-profit,Pinecrest (Plantagenet),101 Parent Street,Plantagenet,K0B1L0,Postal Office Box 250,20200403204244
2600,NH for-profit,Pinecrest Manor,399 Bob Street,Lucknow,N0G2H0,Postal Office Box 220,20200403204244
2731,NH for-profit,Pinecrest Nursing Home (Bobcaygeon),3418 Kawartha Lakes County Road 36,Kawartha Lakes,K0M1A0,R.R. 2,20200403204244
2805,NH for-profit,Pinehaven Nursing Home,229 Lexington Road,Waterloo,N2K2E1, ,20200403204244
M566,MHFA,Pioneer Manor,960 Notre Dame Avenue,Greater Sudbury,P3A2T4, ,20200403204244
M599,MHFA,Pioneer Ridge,750 Tungsten Street,Thunder Bay,P7A5C2, ,20200403204244
2799,NH non-profit,Pleasant Manor Retirement Village,15 Elden Street,Niagara-on-the-Lake,L0S1T0,Postal Office Box 500,20200403204244
2761,NH for-profit,Pleasant Meadow Manor,99 Alma Street,Norwood,K0L2V0,Postal Office Box 426,20200403204244
2629,NH for-profit,Port Perry Place,15941 Simcoe Street,Port Perry,L9L1N5, ,20200403204244
M620,MHFA,Post Inn Village,203 Georgian Drive,Oakville,L6H7H9, ,20200403204244
M608,MHFA,Princess Court,Princess Street,Dryden,P8N2Z4,Postal Office Box 725,20200403204244
3006,CHFA,Providence Healthcare,3276 Saint Clair Avenue East,Toronto,M1L1W1, ,20200403204244
3005,CHFA,Providence Manor,275 Sydenham Street,Kingston,K7K1G7, ,20200403204244
2853,NH non-profit,Queen's Garden,80 Queen Street North,Hamilton,L8R3P6, ,20200403204244
933,NH for-profit,Queensway Long Term Care Home,100 Queen Street,Lakeside,N0M1X0,Postal Office Box 369,20200403204244
2991,CHFA,R. H. Lawson Eventide Home,5050 Jepson Street,Niagara Falls,L2E1K5, ,20200403204244
2820,NH non-profit,Rainy River Health Centre,114 Fourth Street,Rainy River,P0W1L0,Postal Office Box 236,20200403204244
3033,CHFA,Rainycrest,550 Osborne Street,Fort Frances,P9A3T2, ,20200403204244
2635,NH for-profit,ReachView Village,130 Reach Street,Uxbridge,L9P1L3, ,20200403204244
2511,NH for-profit,Regency Long Term Care Home,66 Dorset Street East,Port Hope,L1A1E3, ,20200403204244
2760,NH for-profit,Regency Park Long Term Care Home,567 Victoria Avenue,Windsor,N9A4N1, ,20200403204244
2922,NH non-profit,Regina Gardens,536 Upper Paradise Road,Hamilton,L9C5E3, ,20200403204244
M567,MHFA,Residence Prescott et Russell,1020 Cartier Boulevard,Hawkesbury,K6A1W7, ,20200403204244
3013,CHFA,Residence Saint-Louis,879 Chemin Parc Hiawatha,Ottawa,K1C2Z6, ,20200403204244
1149,NH for-profit,Richmond Terrace,89 Rankin Avenue,Amherstburg,N9V1E7, ,20200403204244
M569,MHFA,Rideaucrest Home,175 Rideau Street,Kingston,K7K3H6, ,20200403204244
2849,NH for-profit,Ridgeview,385 Highland Road West,Hamilton,L8J3X9, ,20200403204244
3007,CHFA,Ritz Lutheran Villa,4118 Road 164,Mitchell,N0K1N0,"R.R. 5, Unit A",20200403204244
1021,NH for-profit,River Glen Haven Nursing Home,160 High Street,Georgina,L0E1R0,Postal Office Box 368,20200403204244
2753,NH for-profit,Riverbend Place,650 Coronation Boulevard,Cambridge,N1R7S6, ,20200403204244
2972,NH for-profit,Riverside Place,3181 Meadowbrook Lane,Windsor,N8T0A4, ,20200403204244
M626,MHFA,Riverview Gardens,519 King Street West,Chatham-Kent,N7M1G8, ,20200403204244
2722,NH for-profit,Riverview Manor Nursing Home,1155 Water Street,Peterborough,K9H3P8, ,20200403204244
2839,NH for-profit,Roberta Place,503 Essa Road,Barrie,L4N9E4, ,20200403204244
2131,NH for-profit,Rockcliffe Care Community,3015 Lawrence Avenue East,Toronto,M1P2V7, ,20200403204244
M570,MHFA,Rockwood Terrace Home for the Aged,575 Saddler Street East,Durham,N0G1R0,Postal Office Box 660,20200403204244
3038,NH non-profit,Rose of Sharon Korean Long Term Care,17 Maplewood Avenue,Toronto,M6C4B3, ,20200403204244
2671,NH for-profit,Rosebridge Manor,131 Roses Bridge Road,Jasper,K0G1G0,R.R. 2,20200403204244
2766,NH non-profit,Rosedale Centre,507 - 8th Avenue,Matheson,P0K1N0,Postal Office Box 70,20200403204244
2933,NH non-profit,Royal Ottawa Place,1145 Carling Avenue,Ottawa,K1Z7K4, ,20200403204244
3049,NH for-profit,Royal Rose Place,635 Prince Charles Drive North,Welland,L3C0C7, ,20200403204244
2767,NH for-profit,Royal Terrace,600 Whites Road,Palmerston,N0G2P0, ,20200403204244
3014,CHFA,Saint Luke's Place,1624 Franklin Boulevard,Cambridge,N3C3P4, ,20200403204244
2778,NH for-profit,Sandfield Place,220 Emma Street,Cornwall,K6J5V8, ,20200403204244
2810,NH non-profit,Santé Manitouwadge Health,1 Health Care Crescent,Manitouwadge,P0T2C0, ,20200403204244
2710,NH for-profit,Sara Vista,27 Simcoe Street,Elmvale,L0L1P0, ,20200403204244
943,NH for-profit,Sarsfield Colonial Home,2861 Colonial Road,Ottawa,K0A3E0,Postal Office Box 130,20200403204244
1135,NH for-profit,Seaforth Long Term Care Home,100 James Street,Huron East,N0K1W0, ,20200403204244
2628,NH for-profit,Secord Trails Care Community,263 Wonham Street South,Ingersoll,N5C3P6, ,20200403204244
2744,NH non-profit,Seniors' Health Centre,2 Buchan Court,Toronto,M2J5A3, ,20200403204244
M571,MHFA,Seven Oaks,9 Neilson Road,Toronto,M1E5E1, ,20200403204244
3009,CHFA,Shalom Manor Long Term Care Home,12 Bartlett Avenue,Grimsby,L3M4N5, ,20200403204244
2775,NH non-profit,Shalom Village Nursing Home,70 Macklin Street North,Hamilton,L8S3S1, ,20200403204244
2762,NH for-profit,Shelburne Long Term Care Home,200 Robert Street,Shelburne,L9V3S1, ,20200403204244
2782,NH non-profit,Shepherd Lodge,3760 Sheppard Avenue East,Toronto,M1T3K9, ,20200403204244
2754,NH non-profit,Sherbourne Place,345 Sherbourne Street,Toronto,M5A2S3, ,20200403204244
M572,MHFA,Sheridan Villa,2460 Truscott Drive,Mississauga,L5J3Z8, ,20200403204244
2894,NH for-profit,Sherwood Court Long Term Care Centre,300 Ravineview Drive,Vaughan,L6A3P8, ,20200403204244
2640,NH non-profit,Sherwood Park Manor,1814 County Road  2 East,Brockville,K6V5T1, ,20200403204244
2956,NH for-profit,Silverthorn Care Community,4350 Mississauga Road,Mississauga,L5M7C8, ,20200403204244
M573,MHFA,Simcoe Manor Home for the Aged,5988 8th Line,New Tecumseth,L0G1A0,"Postal Office Box 100, Main Street East",20200403204244
2113,NH for-profit,King City Lodge Nursing Home,146 Fog Road,King City,L7B1A3, ,20200403204244
901,NH for-profit,King Nursing Home,49 Street,Caledon,L7E1B9,Suite rne,20200403204244
2726,NH for-profit,Kingsway Lodge Nursing Home,310 Queen Street East,Saint Marys,N4X1C8,R.R. 6,20200403204244
M545,MHFA,Kipling Acres,2233 Kipling Avenue,Toronto,M9W4L3, ,20200403204244
2996,CHFA,Knollcrest Lodge,50 William Street,Milverton,N0K1M0, ,20200403204244
2997,CHFA,Kristus Darzs Latvian Home,11290 Pine Valley Drive,Vaughan,L4L1A6, ,20200403204244
2860,NH non-profit,Labdara Lithuanian Nursing Home,5 Resurrection Road,Toronto,M9A5G1, ,20200403204244
2875,NH non-profit,Lady Dunn Health Centre (Wawa),17 Government Road,Wawa,P0S1K0,Postal Office Box 179,20200403204244
2966,NH non-profit,Lakeland Long Term Care (Eldcap),6 Albert Street,Parry Sound,P2A3A4, ,20200403204244
2958,NH non-profit,Lakeland Long Term Care Services,6 Albert Street,Parry Sound,P2A3A4, ,20200403204244
M595,MHFA,Lakeshore Lodge,3197 Lake Shore Boulevard West,Toronto,M8V3X5, ,20200403204244
2929,NH non-profit,Lakeside Long Term Care Centre,150 Dunn Avenue,Toronto,M6K2R6, ,20200403204244
M546,MHFA,Lakeview Manor,133 Main Street,Beaverton,L0K1A0,Postal Office Box 514,20200403204244
M547,MHFA,Lambton Meadowview Villa,3958 Petrolia Line,Petrolia,N0N1R0,R.R. 4,20200403204244
2917,NH for-profit,Lanark Heights Long Term Care Centre,46 Lanark Crescent,Kitchener,N2N2Z8, ,20200403204244
M548,MHFA,Lanark Lodge,115 Christie Lake Road,Perth,K7H3C6,"R. R. 4, Lot 27, Concession 2",20200403204244
2907,NH for-profit,Langstaff Square Care Community,170 Red Maple Road,Richmond Hill,L4B4T8, ,20200403204244
2358,NH for-profit,LaPointe-Fisher Nursing Home,271 Metcalfe Street,Guelph,N1E4Y8, ,20200403204244
2835,NH for-profit,Leacock Care Centre,25 Museum Drive,Orillia,L3V7T9, ,20200403204244
3035,CHFA,Leamington Mennonite Home Long Term Care Residence,35 Pickwick Drive,Leamington,N8H4T5, ,20200403204244
M549,MHFA,Lee Manor Home,875 Sixth Street East,Owen Sound,N4K5W5, ,20200403204244
7089,NH non-profit,Lennox and Addington County General Hospital,8 Richmond Park Drive,Napanee,K7R2Z4, ,20200403204244
M551,MHFA,Linhaven,403 Ontario Street,St. Catharines,L2N1L5, ,20200403204244
2845,NH for-profit,Longfields Manor,330 Beatrice Drive,Ottawa,K2J5A5, ,20200403204244
M552,MHFA,Macassa  Lodge,701 Upper Sherman Avenue,Hamilton,L8V3M7, ,20200403204244
2825,NH non-profit,Mackenzie Health Long Term Care Facility,10 Trench Street,Richmond Hill,L4C4Z3, ,20200403204244
2611,NH for-profit,MacKenzie Place,52 George Street,Newmarket,L3Y4V3, ,20200403204244
2974,NH for-profit,Madonna Care Community,1541 Saint Joseph Boulevard,Ottawa,K1C7L3, ,20200403204244
2589,NH for-profit,Main Street Terrace,77 Main Street,Toronto,M4E2V6, ,20200403204244
965,NH for-profit,Maitland Manor,290 South Street,Goderich,N7A4G6, ,20200403204244
M618,MHFA,Malton Village Long Term Care Centre,7075 Rexwood Road,Mississauga,L4T4M1, ,20200403204244
M553,MHFA,Manitoulin Centennial Manor Home for the Aged,70 Robinson Street,Little Current,P0P1K0,Postal Office Bag 460,20200403204244
2667,NH for-profit,Manitoulin Lodge,3 Main Street,Gore Bay,P0P1H0,Postal Office Box 648,20200403204244
2867,NH for-profit,Manoir Marochel,949 Montreal Road,Ottawa,K1K0S6, ,20200403204244
2911,NH for-profit,Maple Grove Care Community,215 Sunny Meadow Boulevard,Brampton,L6R3B5, ,20200403204244
1049,NH for-profit,Maple Manor Nursing Home,73 Bidwell Street,Tillsonburg,N4G3T8, ,20200403204244
2891,NH for-profit,Maple Park Lodge,6 Hagey Avenue,Fort Erie,L2A5M5, ,20200403204244
2690,NH for-profit,Maple View,1029 Avenue West,Owen Sound,N4K4W1,Unit 4th,20200403204244
M554,MHFA,Maple View Lodge,746 County Road,Athens,K0E1B0,"Postal Office Box 100, 42 East",20200403204244
2408,NH for-profit,Maple Villa Long Term Care Centre,441 Maple Avenue,Burlington,L7S1L8, ,20200403204244
2717,NH for-profit,Maplewood,12 Maplewood Avenue,Brighton,K0K1H0,Postal Office Box 249,20200403204244
2702,NH non-profit,Marianhill Nursing Home,600 Cecelia Street,Pembroke,K8A7Z3, ,20200403204244
2619,NH non-profit,Mariann Home,9915 Yonge Street,Richmond Hill,L4C1V1, ,20200403204244
2924,NH non-profit,Markhaven,54 Parkway Avenue,Markham,L3P2G4, ,20200403204244
M613,MHFA,Marshall Gowland Manor,749 Devine Street,Sarnia,N7T1X3, ,20200403204244
2780,NH non-profit,Mauno Kaihla Koti,723 North Street,Sault Ste. Marie,P6B6G8, ,20200403204244
3000,CHFA,Maxville Manor,80 Mechanic Street West,Maxville,K0C1T0, ,20200403204244
2211,NH for-profit,Maynard Nursing Home,28 Halton Street,Toronto,M6J1R3, ,20200403204244
7086,NH for-profit,McCall Centre Long Term Care Interim Unit,140 Sherway Drive,Toronto,M9C1A4, ,20200403204244
2965,NH non-profit,McCormick Home,2022 Kains Road,London,N6K0A8, ,20200403204244
2964,NH for-profit,McGarrell Place,355 McGarrell Drive,London,N6G0B1, ,20200403204244
2643,NH for-profit,Meadow Park (London),1210 Southdale Road East,London,N6E1B4, ,20200403204244
2685,NH for-profit,Meadow Park Nursing Home (Chatham),110 Sandys Street,Chatham-Kent,N7L4X3, ,20200403204244
2612,NH for-profit,Meaford Long Term Care - a peopleCare Community,135 William Street,Meaford,N4L1T4, ,20200403204244
3016,CHFA,Mennonite Brethren Senior Citizens Home,1 Tabor Drive,St. Catharines,L2N1V9, ,20200403204244
1030,NH for-profit,Middlesex Terrace,2094 Gideon Drive,Delaware,N0L1E0,R.R. 1,20200403204244
2789,NH for-profit,Midland Gardens Care Community,130 Midland Avenue,Toronto,M1N4E6, ,20200403204244
2981,NH for-profit,Mill Creek Care Centre,286 Hurst Drive,Barrie,L4N0Z3, ,20200403204244
2948,NH for-profit,Millennium Trail Manor,6861 Oakwood Drive,Niagara Falls,L2E6S5, ,20200403204244
M621,MHFA,Miramichi Lodge,725 Pembroke Street West,Pembroke,K8A8S6, ,20200403204244
1078,NH for-profit,Mississauga Long Term Care Facility,26 Peter Street North,Mississauga,L5H2G7, ,20200403204244
2689,NH non-profit,Mitchell Nursing Home,184 Napier Street South,Mitchell,N0K1N0,"Unit 1, S",20200403204244
2977,NH for-profit,Moira Place Long-Term Care Home,415 River Street West,Tweed,K0K3J0,Postal Office Box 200,20200403204244
3002,CHFA,Mon Sheong Home for the Aged,36 D'Arcy Street,Toronto,M5T1J7, ,20200403204244
2897,NH non-profit,Mon Sheong Richmond Hill Long Term Care Centre,11199 Yonge Street,Richmond Hill,L4S1L2, ,20200403204244
2944,NH non-profit,Mon Sheong Scarborough Long Term Care Centre,2030 McNicoll Avenue,Toronto,M1V5P4, ,20200403204244
2886,NH for-profit,Montfort,705 Montreal Road,Ottawa,K1K0M9, ,20200403204244
2727,NH for-profit,Morriston Park Nursing Home,7363 Calfass Road,Puslinch,N0B2J0,R.R. 2,20200403204244
C596,CHFA,Mount Hope Centre for Long Term Care,21 Grosvenor Street,London,N6A1Y6,Postal Office Box 5777,20200403204244
2577,NH non-profit,Mount Nemo Christian Nursing Home,4486 Guelph Line,Burlington,L7P0N2, ,20200403204244
2840,NH for-profit,Muskoka Landing,65 Rogers Cove Drive,Huntsville,P1H2L9, ,20200403204244
2819,NH for-profit,Muskoka Shores Care Community,200 Kelly Drive,Gravenhurst,P1P1P3, ,20200403204244
2607,NH non-profit,"Niagara Health System, Welland Hospital Site, Extended Care Unit",65 Third Street,Welland,L3B4W6, ,20200403204244
2994,CHFA,Niagara Ina Grafton Gage Village,413 Linwell Road,St. Catharines,L2M7Y2, ,20200403204244
2793,NH non-profit,Nipigon District Memorial Hospital,125 Hogan Road,Nipigon,P0T2J0,Postal Office Box 37,20200403204244
920,NH for-profit,Nipissing Manor Nursing Care Center,1202 Highway 94,Corbeil,P0H1K0, ,20200403204244
3003,CHFA,Nisbet Lodge,740 Pape Avenue,Toronto,M4K3S7, ,20200403204244
3004,CHFA,Nithview Home,200 Boullee Street,New Hamburg,N3A2K4, ,20200403204244
2918,NH for-profit,Norfinch Care Community,22 Norfinch Drive,Toronto,M3N1X1, ,20200403204244
3027,CHFA,North Centennial Manor,2 Kimberly Drive,Kapuskasing,P5N1L5, ,20200403204244
M559,MHFA,North Lambton Lodge,39 Morris Street,Lambton Shores,N0N1J0,R.R. 6,20200403204244
909,NH for-profit,North Park Nursing Home,450 Rustic Road,Toronto,M6L1W9, ,20200403204244
3036,CHFA,North Renfrew Long-Term Care Services,47 Ridge Road,Deep River,K0J1P0,Postal Office Box 1988,20200403204244
2795,NH non-profit,North Shore Health Network - Eldcap Unit,525 Causley Street,Blind River,P0R1B0,Postal Office Box 970,20200403204244
2865,NH non-profit,North Shore Health Network - LTC Unit,525 Causley Street,Blind River,P0R1B0,Postal Office Box 970,20200403204244
M610,MHFA,Northland Pointe,2 Fielden Avenue,Port Colborne,L3K6G4, ,20200403204244
2862,NH for-profit,Northridge,496 Postridge Drive,Oakville,L6H7A2, ,20200403204244
2622,NH non-profit,Craigholme,221 Main Street,Ailsa Craig,N0M1A0,R.R. 1,20200403204244
2503,NH for-profit,Craiglee Nursing Home,102 Craiglee Drive,Toronto,M1N2M7, ,20200403204244
2633,NH for-profit,Creedan Valley Care Community,143 Mary Street,Creemore,L0M1G0, ,20200403204244
M623,MHFA,Creek Way Village,5200 Corporate Drive,Burlington,L7L7G7, ,20200403204244
2587,NH for-profit,Crescent Park Lodge,4 Hagey Avenue,Fort Erie,L2A5M5, ,20200403204244
2787,NH for-profit,Crown Ridge Place,106 Crown Street,Quinte West,K8V6R3, ,20200403204244
M512,MHFA,Cummer Lodge,205 Cummer Avenue,Toronto,M2M2E8, ,20200403204244
M514,MHFA,Dearness Home for Senior Citizens,710 Southdale Road East,London,N6E1R8, ,20200403204244
M611,MHFA,Deer Park Villa,150 Central Avenue,Grimsby,L3M4Z3, ,20200403204244
2837,NH for-profit,Deerwood Creek Care Community,70 Humberline Drive,Toronto,M9W7H3, ,20200403204244
2660,NH for-profit,Delhi Long Term Care Centre,750 Gibraltar Street,Delhi,N4B3B3, ,20200403204244
2134,NH for-profit,Derbecker's Heritage House,54 Eby Street,St. Jacobs,N0B2N0, ,20200403204244
2794,NH non-profit,Dom Lipa,52 Neilson Drive,Toronto,M9C1V7, ,20200403204244
M604,MHFA,Douglas H. Rapelje Lodge,277 Plymouth Road,Welland,L3B6E3, ,20200403204244
1056,NH for-profit,Dover Cliffs,501 St. George Street,Port Dover,N0A1N0,Postal Office Box 430,20200403204244
1041,NH for-profit,Downsview Long Term Care Centre,3595 Keele Street,Toronto,M3J1M7, ,20200403204244
M516,MHFA,Dufferin Oaks,151 Centre Street,Shelburne,L9V3R7, ,20200403204244
2674,NH non-profit,Dundas Manor Nursing Home,533 Clarence Street,Winchester,K0C2K0,Postal Office Box 970,20200403204244
2739,NH for-profit,Dundurn Place Care Centre,39 Mary Street,Hamilton,L8R3L8, ,20200403204244
2668,NH for-profit,E. J. McQuigge Lodge,38 Black Diamond Road,Belleville,K0K1K0,Postal Office Box 68,20200403204244
2240,NH for-profit,Eagle Terrace,329 Eagle Street,Newmarket,L3Y1K3, ,20200403204244
3047,NH for-profit,Earls Court Village,1390 Highbury Avenue North,London,N5Y0B6, ,20200403204244
M517,MHFA,Eastholme Home for the Aged,62 Big Bend Avenue,Powassan,P0H1Z0,Postal Office Box 400,20200403204244
2468,NH for-profit,Eatonville Care Centre,420 The East Mall,Toronto,M9B3Z9, ,20200403204244
2777,NH for-profit,Eden House Nursing Home,5016 Wellington County Road 29,Guelph,N1H6H8,R.R. 2,20200403204244
2963,NH non-profit,Edgewater Gardens Long Term Care Centre,428 Broad Street West,Dunnville,N1A1T3, ,20200403204244
2804,NH non-profit,Ehatare Nursing Home,40 Old Kingston Road,Toronto,M1E3J5, ,20200403204244
2725,NH for-profit,Elgin Abbey Nursing Home,380 First Avenue North,Chesley,N0G1L0,Postal Office Box 7,20200403204244
M518,MHFA,Elgin Manor,39262 Fingal Line,St. Thomas,N5P3S5,R.R. 1,20200403204244
2869,NH for-profit,Elginwood,182 Yorkland Street,Richmond Hill,L4S2M9, ,20200403204244
2759,NH non-profit,Élisabeth-Bruyère Residence,75 Bruyère Street,Ottawa,K1N5C8, ,20200403204244
2868,NH for-profit,Elizabeth Centre,2100 Main Street,Greater Sudbury,P3N1S7, ,20200403204244
2515,NH for-profit,Elm Grove Living Centre,35 Elm Grove Avenue,Toronto,M6K2J2, ,20200403204244
2662,NH for-profit,Elmwood Place,46 Elmwood Place West,London,N6J1J2, ,20200403204244
2831,NH non-profit,EMO Health Centre,170 Front Street,Emo,P0W1E0,Postal Office Box 390,20200403204244
2736,NH for-profit,Erin Mills Lodge Nursing Home,2132 Dundas Street West,Mississauga,L5K2K7, ,20200403204244
2513,NH for-profit,Errinrung Long Term Care Home,67 Bruce Street South,The Blue Mountains,N0H2P0,Postal Office Box 69,20200403204244
2755,NH non-profit,Espanola General Hospital (operating as Espanola Nursing Home-Eldcap),825 Mckinnon Drive,Espanola,P5E1R4, ,20200403204244
2932,NH non-profit,Espanola General Hospital (operating as Espanola Nursing Home-LTC),825 Mckinnon Drive,Espanola,P5E1R4, ,20200403204244
2749,NH for-profit,Exeter Villa,155 John Street East,Exeter,N0M1S1, ,20200403204244
2460,NH for-profit,Extendicare Bayview,550 Cummer Avenue,Toronto,M2K2M2, ,20200403204244
2847,NH for-profit,Extendicare Brampton,7891 McLaughlin Road,Brampton,L6Y5H8, ,20200403204244
2851,NH for-profit,Extendicare Cobourg,130 New Densmore Road,Cobourg,K9A5W2, ,20200403204244
2590,NH for-profit,Extendicare Falconbridge,281 Falconbridge Road,Greater Sudbury,P3A5K4, ,20200403204244
2164,NH for-profit,Extendicare Guildwood,60 Guildwood Parkway,Toronto,M1E1N9, ,20200403204244
2644,NH for-profit,Extendicare Haliburton,167 Park Street,Haliburton,K0M1S0,Postal Office Box 780,20200403204244
2892,NH for-profit,Extendicare Halton Hills,9 Lindsay Court,Halton Hills,L7G6G9, ,20200403204244
2858,NH for-profit,Extendicare Hamilton,90 Chedmac Drive,Hamilton,L9C7S6, ,20200403204244
2610,NH for-profit,Extendicare Kapuskasing,45 Ontario Street,Kapuskasing,P5N2Y5,Postal Office Box 460,20200403204244
2838,NH for-profit,Extendicare Kawartha Lakes,125 Colborne Street East,Kawartha Lakes,K9V6J2, ,20200403204244
2616,NH for-profit,Extendicare Kingston,309 Queen Mary Road,Kingston,K7M6P4, ,20200403204244
2670,NH for-profit,Extendicare Kirkland Lake,155 Government Road East,Kirkland Lake,P2N3P4, ,20200403204244
2843,NH for-profit,Extendicare Lakefield,19 Fraser Street,Harcourt,K0L2H0, ,20200403204244
2665,NH for-profit,Extendicare Laurier Manor,1715 Montreal Road,Ottawa,K1J6N4, ,20200403204244
2173,NH for-profit,Extendicare London,860 Waterloo Street,London,N6A3W6, ,20200403204244
3043,NH for-profit,Extendicare Maple View of Sault Ste. Marie,650 Northern Avenue,Sault Ste. Marie,P6B4J3, ,20200403204244
2579,NH for-profit,Extendicare Medex,1865 Baseline Road,Ottawa,K2C3K6, ,20200403204244
2884,NH for-profit,Extendicare Mississauga,855 John Watt Boulevard,Mississauga,L5W1G2, ,20200403204244
2302,NH for-profit,Extendicare New Orchard Lodge,99 New Orchard Avenue,Ottawa,K2B5E6, ,20200403204244
2439,NH for-profit,Extendicare Oshawa,82 Park Road North,Oshawa,L1J4L1, ,20200403204244
2572,NH for-profit,Extendicare Peterborough,860 Alexander Court,Peterborough,K9J6B4, ,20200403204244
2925,NH for-profit,Extendicare Port Hope,360 Croft Street,Port Hope,L1A4K8, ,20200403204244
2669,NH for-profit,Extendicare Port Stanley,4551 East Road,Port Stanley,N5L1J6, ,20200403204244
2883,NH for-profit,Extendicare Rouge Valley,551 Conlins Road,Toronto,M1B5S1, ,20200403204244
2117,NH for-profit,Extendicare Scarborough,3830 Lawrence Avenue East,Toronto,M1G1R6, ,20200403204244
2842,NH for-profit,Extendicare Southwood Lakes,1255 North Talbot Road,Windsor,N9G3A4, ,20200403204244
2321,NH for-profit,Extendicare St. Catharines,283 Pelham Road,St. Catharines,L2S1X7, ,20200403204244
2485,NH for-profit,Extendicare Starwood,114 Starwood Road,Ottawa,K2G3N5, ,20200403204244
2904,NH for-profit,Extendicare Tecumseh,2475 St. Alphonse Street,Tecumseh,N8N2X2, ,20200403204244
3044,NH for-profit,Extendicare Timmins,62 St-Jean Avenue,Timmins,P4R0A6, ,20200403204244
2615,NH for-profit,Extendicare Tri-Town,143 Bruce Street,Temiskaming Shores,P0J1K0,Postal Office Box 999,20200403204244
2609,NH for-profit,Extendicare Van Daele,39 Van Daele Street,Sault Ste. Marie,P6B4V3, ,20200403204244
2709,NH for-profit,Extendicare West End Villa,2179 Elmira Drive,Ottawa,K2C3S1, ,20200403204244
2604,NH for-profit,Extendicare York,333 York Street,Greater Sudbury,P3E5J3, ,20200403204244
2936,NH non-profit,F. J. Davey Home,733 Third Line East,Sault Ste. Marie,P6A7C1, ,20200403204244
2823,NH for-profit,Fairfield Park,1934 Dufferin Avenue,Chatham-Kent,N8A4M2, ,20200403204244
M520,MHFA,Fairhaven,881 Dutton Road,Peterborough,K9H7S4, ,20200403204244
M521,MHFA,Fairmount Home for the Aged,2069 Battersea Road,Kingston,K0H1S0,R.R. 1,20200403204244
2708,NH non-profit,Fairvern Nursing Home,14 Mill Street,Huntsville,P1H2A4, ,20200403204244
M522,MHFA,Fairview Lodge,632 Dundas Street West,Whitby,L1N5S3,Postal Office Box 300,20200403204244
2973,NH non-profit,Fairview Manor,75 Spring Street,Mississippi Mills,K0A1A0, ,20200403204244
2992,CHFA,Fairview Mennonite Home,515 Langs Drive,Cambridge,N3H5E4, ,20200403204244
2723,NH for-profit,Fairview Nursing Home,14 Cross Street,Toronto,M6J1S8, ,20200403204244
2745,NH non-profit,Faith Manor Nursing Home,7900 Mclaughlin Road South,Brampton,L6Y5A7, ,20200403204244
2850,NH for-profit,Fenelon Court,44 Wychwood Crescent,Kawartha Lakes,K0M1N0, ,20200403204244
2673,NH for-profit,Fiddick's Nursing Home,437 First Avenue,Petrolia,N0N1R0,Postal Office Box 340,20200403204244
2906,NH for-profit,Fieldstone Commons Care Community,1000 Ellesmere Road,Toronto,M1P5G2, ,20200403204244
2829,NH for-profit,Finlandia Hoivakoti Nursing Home,233 4th Avenue,Greater Sudbury,P3B4C3, ,20200403204244
2707,NH for-profit,Forest Heights,60 Westheights Drive,Kitchener,N2N2A8, ,20200403204244
2834,NH for-profit,Forest Hill,6501 Campeau Drive,Ottawa,K2K3E9, ,20200403204244
2625,NH for-profit,Fosterbrooke,330 King Street West,Toronto,L1B1G9, ,20200403204244
2836,NH for-profit,Fountain View Care Community,1800 O'Connor Drive,Toronto,M4A1W7, ,20200403204244
2570,NH for-profit,Fox Ridge Care Community,389 West Street,Brantford,N3R3V9, ,20200403204244
2940,NH non-profit,Foyer Des Pionniers,67 15th Street,Hearst,P0L1N0,Postal Office Box 1538,20200403204244
3022,CHFA,Foyer Richelieu Welland,655 Tanguay Avenue,Welland,L3B6A1, ,20200403204244
2746,NH for-profit,Foyer St-Viateur Nursing Home,1003 Limoges Road South,Limoges,K0A2M0, ,20200403204244
2602,NH for-profit,Franklin Gardens Long Term Care Home,24 Franklin Road,Leamington,N8H4B7, ,20200403204244
934,NH for-profit,Friendly Manor Nursing Home,9756 County Road,Deseronto,K0K1X0,"Unit 2, Postal Office Box 305",20200403204244
2703,NH for-profit,Frost Manor,225 Mary Street West,Kawartha Lakes,K9V5K3, ,20200403204244
M524,MHFA,Fudger House,439 Sherbourne Street,Toronto,M4X1K6, ,20200403204244
2364,NH for-profit,Garden City Manor,168 Scott Street,St. Catharines,L2N1H2, ,20200403204244
1133,NH for-profit,Garden Court Nursing Home,1 Sand Beach Road,Toronto,M8V2W2, ,20200403204244
2882,NH for-profit,Garden Terrace,100 Aird Place,Ottawa,K2L4H8, ,20200403204244
2961,NH non-profit,Gardenview Long Term Care Home,72 Town Centre Drive,Townsend,N0A1S0, ,20200403204244
M622,MHFA,Garry J. Armstrong Home,200 Island Lodge Road,Ottawa,K1N5M2, ,20200403204244
M526,MHFA,Gateway Haven Long Term Care Home,671 Frank Street,Wiarton,N0H2T0,Postal Office Box 10,20200403204244
2638,NH for-profit,Georgian Heights,1115 - 10th Street East,Owen Sound,N4K6B1, ,20200403204244
M527,MHFA,Georgian Manor Home for the Aged,101 Thompsons Road,Penetanguishene,L9M0V3, ,20200403204244
2764,NH non-profit,Geraldton District Hospital,500 Hogarth Avenue West,Geraldton,P0T1M0, ,20200403204244
M528,MHFA,Gilmore Lodge,50 Gilmore Road,Fort Erie,L2A2M1, ,20200403204244
2811,NH non-profit,Glebe Centre,950 Bank Street,Ottawa,K1S5G6, ,20200403204244
981,NH for-profit,Glen Hill Marnwood,26 Elgin Street,Bowmanville,L1C3C8, ,20200403204244
2605,NH for-profit,Glen Hill Strathaven,264 King Street East,Bowmanville,L1C1P9, ,20200403204244
M529,MHFA,Glen-Stor-Dun Lodge,1900 Montreal Road,Cornwall,K6H7L1, ,20200403204244
2705,NH non-profit,Golden Dawn Nursing Home,80 Main Street,Lion's Head,N0H1W0, ,20200403204244
M530,MHFA,Golden Manor,481 Melrose Boulevard,Timmins,P4N5H3, ,20200403204244
M531,MHFA,Golden Plough Lodge,983 Burnham Street,Cobourg,K9A5J6, ,20200403204244
1033,NH for-profit,Golden Years Nursing Home,704 Eagle Street North,Cambridge,N3H4T3,Postal Office Box 3277,20200403204244
2588,NH for-profit,Good Samaritan Nursing Home,481 Victoria Street East,New Tecumseth,L9R1J8, ,20200403204244
2942,NH non-profit,Grace Manor,45 Kingknoll Drive,Brampton,L6Y5P2, ,20200403204244
2741,NH for-profit,Grace Villa Nursing Home,45 Lockton Crescent,Hamilton,L8V4V5, ,20200403204244
M532,MHFA,Grandview Lodge / Dunnville,657 Lock Street West,Dunnville,N1A1V9, ,20200403204244
2879,NH for-profit,Granite Ridge Care Community,5501 Abbott Street East,Ottawa,K2S2C5, ,20200403204244
3023,CHFA,Greenwood Court,90 Greenwood Drive,Stratford,N5A7W5, ,20200403204244
M606,MHFA,Grey Gables Home for the Aged,206 Toronto Street South,Markdale,N0C1H0, ,20200403204244
2950,NH non-profit,Grove Park Home For Senior Citizens,234 Cook Street,Barrie,L4M4H5, ,20200403204244
2646,NH for-profit,Groves Park Lodge,470 Raglan Street North,Renfrew,K7V1P5, ,20200403204244
M556,MHFA,H.J. McFarland Memorial Home,603 County Road 49,Prince Edward,K0K2T0,"R.R. 2, Hallowell Township",20200403204244
891,NH for-profit,Hallowell House,13628 Loyalist Parkway,Prince Edward,K0K2T0, ,20200403204244
2706,NH for-profit,Hamilton Continuing Care,125 Wentworth Street South,Hamilton,L8N2Z1, ,20200403204244
2846,NH for-profit,Hampton Terrace Care Centre,75 Plains Road West,Burlington,L7T1E8, ,20200403204244
2770,NH for-profit,Hanover Care Centre,700 Avenue,Hanover,N4N3S6,Unit 19th,20200403204244
2720,NH for-profit,Hardy Terrace,612 Mount Pleasant Road,Brantford,N3T5L5,R.R. 2,20200403204244
2832,NH for-profit,Harmony Hills Care Community,1800 O'Connor Drive,Toronto,M4A1W7, ,20200403204244
2732,NH non-profit,Harold and Grace Baker Centre,1 Northwestern Avenue,Toronto,M6M2J7, ,20200403204244
M537,MHFA,Hastings Centennial Manor,1 Manor Lane,Bancroft,K0L1C0,Postal Office Box 758,20200403204244
M538,MHFA,Hastings Manor Home for the Aged,476 Dundas Street West,Belleville,K8N5B2,Postal Office Box 458,20200403204244
2887,NH for-profit,Hawthorn Woods Care Community,9257 Goreway Drive,Brampton,L6P0N5, ,20200403204244
2586,NH for-profit,Hawthorne Place Care Centre,2045 Finch Avenue West,Toronto,M3N1M9, ,20200403204244
2088,NH for-profit,Heartwood,201 - 11th Street East,Cornwall,K6H2Y6, ,20200403204244
2960,NH non-profit,Heidehof Long Term Care Home,600 Lake Street,St. Catharines,L2N4J4, ,20200403204244
2728,NH for-profit,Helen Henderson Nursing Home,343 Amherst Drive,Amherstview,K7N1X3, ,20200403204244
2798,NH non-profit,Hellenic Care for Seniors (Toronto),215 Tyrrel Avenue,Toronto,M6G4A9, ,20200403204244
2941,NH non-profit,Hellenic Home - Scarborough,2411 Lawrence Avenue East,Toronto,M1P4X1, ,20200403204244
3045,NH for-profit,Henley Place,1961 Cedarhollow Boulevard,London,N5X0K2, ,20200403204244
2776,NH non-profit,Heritage Green Nursing Home,353 Isaac Brock Drive,Hamilton,L8J2J3, ,20200403204244
2898,NH for-profit,Heron Terrace Long Term Care Community,11550 McNorton Street,Windsor,N8P1T9, ,20200403204244
3030,CHFA,Highland Wood,7199 Gelert Road,Haliburton,K0M1S0,Postal Office Box 115,20200403204244
2828,NH for-profit,Hillcrest Village Care Centre,255 Russell Street,Midland,L4R5L6, ,20200403204244
3029,CHFA,Hillel Lodge (The Bess and Moe Greenberg Family),10 Nadolny Sachs Private,Ottawa,K2A4G7, ,20200403204244
M539,MHFA,Hillsdale Estates,590 Oshawa Boulevard North,Oshawa,L1G5T9, ,20200403204244
M630,MHFA,Hillsdale Terraces,600 Oshawa Boulevard North,Oshawa,L1G5T9, ,20200403204244
1975,NH for-profit,Hillside Manor,Highway 8,Stratford,N5A6S6,"R.R. 5, 5066 Perth East Line 34",20200403204244
2645,NH for-profit,Hilltop Manor Nursing Home (Merrickville),1005 St Lawrence Street,Merrickville,K0G1N0,Postal Office Box 430,20200403204244
2923,NH non-profit,Hogarth Riverview Manor,300 Lillie Street,Thunder Bay,P7C4Y7, ,20200403204244
2639,NH for-profit,Hope Street Terrace,20 Hope Street South,Port Hope,L1A2M8, ,20200403204244
2771,NH non-profit,Hornepayne Community Hospital,278 Front Street,Hornepayne,P0M1Z0,Postal Office Box 190,20200403204244
2716,NH for-profit,Humber Valley Terrace,95 Humber College Boulevard,Toronto,M9V5B5, ,20200403204244
M631,MHFA,Huron Lodge Long Term Care Home,1881 Cabana Road West,Windsor,N9G1C7, ,20200403204244
M601,MHFA,Huronlea Home for the Aged,820 Turnberry Street,Brussels,N0G1H0, ,20200403204244
M541,MHFA,Huronview Home for the Aged,R. R. 5,Clinton,N0M1L0,"Lot 50, Concession 1, Municipality of Huron East",20200403204244
3050,MHFA,Hyland Crest,6 McPherson Street,Minden,K0M2K0,Postal Office Box 30,20200403204244
2931,NH non-profit,Idlewyld Manor,449 Sanatorium Road,Hamilton,L9C2A7, ,20200403204244
2129,NH for-profit,Iler Lodge,111 Iler Avenue,Essex,N8M1T6, ,20200403204244
3034,CHFA,Ina Grafton Gage Home,40 Bell Estate Road,Toronto,M1L0E2, ,20200403204244
2993,CHFA,IOOF Seniors Home,10 Brooks Street,Barrie,L4N5L3, ,20200403204244
2724,NH non-profit,Iroquois Lodge Nursing Home,1755 Chiefswood Road,Ohsweken,N0A1M0,Postal Office Box 309,20200403204244
3031,CHFA,Isabel and Arthur Meighen Manor,155 Millwood Road,Toronto,M4S1J6, ,20200403204244
C530,CHFA,Ivan Franko Home (Etobicoke),767 Royal York Road,Toronto,M8Y2T3, ,20200403204244
M544,MHFA,John Noble Home,97 Mount Pleasant Street,Brantford,N3T1T5, ,20200403204244
7073,CHFA,Kemptville District Hospital,2675 Concession Road,Kemptville,K0G1J0,"Postal Office Bag 2007, P.O",20200403204244
2654,NH for-profit,Kennedy Lodge,1400 Kennedy Road,Toronto,M1P4V6, ,20200403204244
2729,NH for-profit,Kensington Village,1340 Huron Street,London,N5V3R3, ,20200403204244
893,NH for-profit,Kentwood Park,2 Ontario Street,Prince Edward,K0K2T0, ,20200403204244
1866,NH for-profit,Kilean Lodge,83 Main Street East,Grimsby,L3M1N6, ,20200403204244
M617,MHFA,The Woodlands of Sunset,920 Pelham Street,Welland,L3C1Y5, ,20200403204244
3017,CHFA,Thompson House,1 Overland Drive,Toronto,M3C2C3, ,20200403204244
2534,NH for-profit,Thorntonview,186 Thornton Road South,Oshawa,L1J5Y2, ,20200403204244
1064,NH for-profit,Tilbury Manor Nursing Home,16 Fort Street,Chatham-Kent,N0P2L0,Postal Office Box 160,20200403204244
3001,CHFA,Tony Stacey Centre for Veterans' Care,59 Lawson Road,Toronto,M1C2J1, ,20200403204244
2747,NH non-profit,Township of Osgoode Care Centre,7650 Snake Island Road,Ottawa,K0A2P0, ,20200403204244
2337,NH for-profit,Trent Valley Lodge,195 Bay Street,Quinte West,K8V1H9, ,20200403204244
2773,NH for-profit,Trillium Court,550 Philip Place,Kincardine,N2Z3A6, ,20200403204244
M585,MHFA,Trillium Manor Home for the Aged,12 Grace Avenue,Orillia,L3V2K2, ,20200403204244
2790,NH for-profit,Trillium Retirement and Care Community,800 Edgar Street,Kingston,K7M8S4, ,20200403204244
2217,NH for-profit,Trillium Villa Nursing Home,1221 Michigan Avenue,Sarnia,N7S3Y3, ,20200403204244
2580,NH non-profit,Trinity Village Care Centre,2727 Kingsway Drive,Kitchener,N2C1A7, ,20200403204244
M586,MHFA,True Davidson Acres,200 Dawes Road,Toronto,M4C5M8, ,20200403204244
2800,NH non-profit,Tsiionkwanonhsote,Kawehnoke Apartment Road,Akwesasne,K6H5R7, ,20200403204244
2711,NH for-profit,Tufford Nursing Home,312 Queenston Street,St. Catharines,L2P2X4, ,20200403204244
963,NH for-profit,Tullamore Care Community,133 Kennedy Road South,Brampton,L6W3G3, ,20200403204244
2889,NH for-profit,Twin Lakes Terrace Long Term Care Community,1310 Murphy Road,Sarnia,N7S6K5, ,20200403204244
2752,NH for-profit,Twin Oaks of Maryhill,1360 Maryhill Road,Maryhill,N0B2B0, ,20200403204244
2656,NH for-profit,Tyndall Nursing Home,1060 Eglinton Avenue East,Mississauga,L4W1K3, ,20200403204244
2809,NH non-profit,Ukrainian Canadian Care Centre,60 Richview Road,Toronto,M9A5E4, ,20200403204244
3018,CHFA,Union Villa,4300 Highway 7,Markham,L3R1L8,Unit 7,20200403204244
2951,NH non-profit,United Mennonite Home,4024 Twenty-Third Street,Lincoln,L0R2C0, ,20200403204244
M587,MHFA,Upper Canada Lodge,272 Wellington Street,Niagara-On-The-Lake,L0S1J0,Postal Office Box 1390,20200403204244
2675,NH non-profit,Valley Manor Nursing Home,88 Mintha Street,Barry's Bay,K0J1B0,Postal Office Box 880,20200403204244
2737,NH for-profit,Valley Park Lodge,6400 Valley Way,Niagara Falls,L2E7E3, ,20200403204244
M628,MHFA,Valleyview Home,350 Burwell Road,St. Thomas,N5P0A3, ,20200403204244
2954,NH non-profit,Valleyview Residence,541 Finch Avenue West,Toronto,M2R3Y3, ,20200403204244
2734,NH non-profit,Vera M. Davis Community Care Centre,80 Allan Drive,Caledon,L7E1P7, ,20200403204244
2575,NH for-profit,Vermont Square,914 Bathurst Street,Toronto,M5R3G5, ,20200403204244
2806,NH for-profit,Victoria Gardens Long Term Care,176 Victoria Avenue North,Hamilton,L8L5G1, ,20200403204244
M589,MHFA,Victoria Manor Home for the Aged,220 Angeline Street South,Kawartha Lakes,K9V4R2, ,20200403204244
2914,NH non-profit,Victoria Village Manor,78 Ross Street,Barrie,L4N1G3, ,20200403204244
3020,CHFA,Villa Colombo Homes for the Aged,40 Playfair Avenue,Toronto,M6B2P9, ,20200403204244
2969,NH non-profit,Villa Colombo Seniors Centre (Vaughan),10443 Highway 27,Vaughan,L0J1C0,Kleinburg,20200403204244
2855,NH non-profit,Villa Forum,175 Forum Drive,Mississauga,L4Z4E5, ,20200403204244
2947,NH non-profit,Villa Leonardo Gambin,40 Friuli Court,Vaughan,L4L9T3, ,20200403204244
2818,NH non-profit,Villa Marconi,1026 Baseline Road,Ottawa,K2C0A6, ,20200403204244
2815,NH non-profit,Villa Minto,241 Eighth Street,Cochrane,P0L1C0,Postal Office Box 280,20200403204244
2765,NH for-profit,Village on the Ridge,9 Myrtle Street,Chatham-Kent,N0P2C0, ,20200403204244
2659,NH non-profit,Vision Nursing Home,229 Wellington Street,Sarnia,N7T1G9, ,20200403204244
2803,NH for-profit,Warkworth Place,97 Mill Street,Warkworth,K0K3K0,Postal Office Box 68,20200403204244
2598,NH for-profit,Waters Edge Care Community,401 William Street,North Bay,P1A1X5, ,20200403204244
2652,NH for-profit,Watford Quality Care Centre,344 Victoria Street,Watford,N0M2S0, ,20200403204244
2959,NH non-profit,Wellesley Central Place,160 Wellesley Street East,Toronto,M4Y1J2, ,20200403204244
2807,NH for-profit,Wellington House Nursing Home,990 Edward Street North,Prescott,K0E1T0,Postal Office Box 1510,20200403204244
1023,NH for-profit,Wellington Park Care Centre,802 Hager Avenue,Burlington,L7S1X2, ,20200403204244
M629,MHFA,Wellington Terrace Long-Term Care Home,474 Wellington Road 18,Fergus,N1M0A1, ,20200403204244
M592,MHFA,Wentworth Lodge,41 South Street West,Hamilton,L9H4C4, ,20200403204244
M612,MHFA,Wesburn Manor,400 The West Mall,Toronto,M9C5S1, ,20200403204244
997,NH for-profit,West Lake Terrace,1673 County Road 12,Prince Edward,K0K2T0,"R. R. 1, Unit 12",20200403204244
2870,NH for-profit,West Oak Village,2370 Third Line,Oakville,L6M4E2, ,20200403204244
1500,NH for-profit,West Park Health Centre,103 Pelham Road,St. Catharines,L2S1S9, ,20200403204244
2848,NH non-profit,West Park Long Term Care Centre,82 Buttonwood Avenue,Toronto,M6M2J5, ,20200403204244
2623,NH for-profit,Westgate Lodge Nursing Home,37 Wilkie Street,Belleville,K8P4E4, ,20200403204244
2878,NH for-profit,Westmount Gardens Long Term Care Home,590 Longworth Road,London,N6K4X9, ,20200403204244
2874,NH for-profit,Weston Terrace Care Community,2005 Lawrence Avenue West,Toronto,M9N3V4, ,20200403204244
2663,NH for-profit,Westside,1145 Albion Road,Toronto,M9V4J7, ,20200403204244
1856,NH non-profit,Wikwemikong Nursing Home,2281 Wikwemikong Way,Wikwemikong,P0P2J0,Postal Office Box 114,20200403204244
2802,NH for-profit,Wildwood Care Centre,100 Ann Street,Saint Marys,N4X1A1,Postal Office Box 2200,20200403204244
3040,NH non-profit,Wilkes Terrace,20 Cartier Road,Terrace Bay,P0T2W0,Unit B,20200403204244
2785,NH non-profit,William A. 'Bill' George Extended Care Facility,75 Fifth Avenue,Sioux Lookout,P8T1K9, ,20200403204244
2871,NH for-profit,Winbourne Park,1020 Westney Road North,Ajax,L1T4K6, ,20200403204244
2945,NH for-profit,Woodbridge Vista Care Community,5400 Steeles Avenue West,Vaughan,L4L9S1,Suite eles,20200403204244
2928,NH for-profit,Woodhall Park Care Community,10260 Kennedy Road North,Brampton,L6Z4N7, ,20200403204244
M614,MHFA,Woodingford Lodge - Ingersoll,325 Thames Street South,Ingersoll,N5C2T8, ,20200403204244
M615,MHFA,Woodingford Lodge - Tillsonburg,52 Venison Street West,Tillsonburg,N4G1V1, ,20200403204244
M632,MHFA,Woodingford Lodge - Woodstock,300 Juliana Drive,Woodstock,N4V0A1, ,20200403204244
2743,NH for-profit,Woodland Villa,30 Mille Roches Road,Long Sault,K0C1P0,R.R. 1,20200403204244
2821,NH for-profit,Woods Park Care Centre,110 Lillian Crescent,Barrie,L4N5H7, ,20200403204244
2910,NH non-profit,Wyndham Manor Long Term Care Centre,291 Reynolds Street,Oakville,L6J3L5, ,20200403204244
2876,NH non-profit,Yee Hong Centre - Markham,2780 Bur Oak Avenue,Markham,L6B1C9, ,20200403204244
2920,NH non-profit,Yee Hong Centre - Mississauga,5510 Mavis Road,Mississauga,L5V2X5, ,20200403204244
2934,NH non-profit,Yee Hong Centre - Scarborough Finch,60 Scottfield Drive,Toronto,M1S5T7, ,20200403204244
2801,NH non-profit,Yee Hong Centre - Scarborough McNicoll,2311 McNicoll Avenue,Toronto,M1V5L3, ,20200403204244
M605,MHFA,York Region Maple Health Centre,10424 Keele Street,Vaughan,L6A2L1, ,20200403204244
M534,MHFA,York Region Newmarket Health Centre,194 Eagle Street,Newmarket,L3Y1J6, ,20200403204244
2763,NH non-profit,Smooth Rock Falls Hospital,107 Kelly Road,Smooth Rock Falls,P0L2B0,Postal Office Box 219,20200403204244
3028,CHFA,South Centennial Manor,240 Fyfe Street,Iroquois Falls,P0K1E0, ,20200403204244
2597,NH for-profit,Southampton Care Centre,140 Grey Street,Southampton,N0H2L0,Postal Office Box 790,20200403204244
1159,NH for-profit,Southbridge Lakehead,135 South Vickers Street,Thunder Bay,P7E1J2, ,20200403204244
2962,NH for-profit,Southbridge Pinewood,2625 Walsh Street East,Thunder Bay,P7E2E5, ,20200403204244
2866,NH for-profit,Southbridge Roseview,99 Shuniah Street,Thunder Bay,P7A2Z2, ,20200403204244
2955,NH non-profit,Southlake Residential Care Village,640 Grace Street,Newmarket,L3Y2P6, ,20200403204244
2971,NH non-profit,Spencer House,835 West Ridge Boulevard,Orillia,L3V8B3, ,20200403204244
2413,NH for-profit,Springdale Country Manor,2698 Clifford Line,Peterborough,K9J6X6,R.R. 5,20200403204244
M575,MHFA,Spruce Lodge Home for the Aged,643 West Gore Street,Stratford,N5A1L4, ,20200403204244
2946,NH for-profit,Sprucedale Care Centre,96 Kittridge Avenue East,Strathroy,N7G2A8, ,20200403204244
2642,NH for-profit,The Palace,92 Centre Street,Alexandria,K0C1A0, ,20200403204244
2926,NH for-profit,St. Andrew's Terrace Long Term Care Community,255 St. Andrew's Street,Cambridge,N1S1P1, ,20200403204244
2719,NH non-profit,St. Clair O'Connor Community Nursing Home,2701 Saint Clair Avenue East,Toronto,M4B3M3, ,20200403204244
3039,NH non-profit,St. Gabriel's Villa of Sudbury,4690 Municipal Road 15,Greater Sudbury,P0M1L0, ,20200403204244
2594,NH for-profit,St. George Care Community,225 St. George Street,Toronto,M5R2M2, ,20200403204244
2691,NH for-profit,St. Jacques Nursing Home,915 Notre Dame Street,Embrun,K0A1W0,Postal Office Box 870,20200403204244
2935,NH non-profit,St. Joseph's at Fleming,659 Brealey Drive,Peterborough,K9K2R8, ,20200403204244
3012,CHFA,St. Joseph's Continuing Care Centre,14 York Street,Cornwall,K6J5T2, ,20200403204244
3011,CHFA,"St. Joseph's Health Centre, Guelph",100 Westmount Road,Guelph,N1H5H8, ,20200403204244
2976,NH non-profit,St. Joseph's Lifecare Centre,99 Wayne Gretzky Parkway,Brantford,N3S6T6, ,20200403204244
2877,NH non-profit,St. Joseph's Manor,70 Spine Road,Elliot Lake,P5A1X2, ,20200403204244
2975,NH non-profit,"St. Joseph's Villa, Dundas",56 Governors Road,Hamilton,L9H5G7, ,20200403204244
2913,NH non-profit,"St. Joseph's Villa, Sudbury",1250 South Bay Road,Greater Sudbury,P3E6L9, ,20200403204244
M576,MHFA,St. Lawrence Lodge,1803 County Road,Brockville,K6V5T1,"Postal Office Bag 1130, 2 East, Postal",20200403204244
3015,CHFA,St. Patrick's Home,2865 Riverside Drive,Ottawa,K1V8N5, ,20200403204244
2927,NH non-profit,St. Peter's Residence at Chedoke,125 Redfern Avenue,Hamilton,L9C7W9, ,20200403204244
2735,NH for-profit,Stayner Care Centre,Highway,Stayner,L0M1S0,"Unit 26, Postal Office Box 350, 244 Main Street East, 7308",20200403204244
2863,NH for-profit,Stirling Heights,200 Stirling Macgregor Drive,Cambridge,N1S5B7, ,20200403204244
2470,NH for-profit,Stirling Manor Nursing Home,218 Edward Street,Stirling,K0K3E0,Postal Office Box 220,20200403204244
2637,NH for-profit,Stoneridge Manor,256 High Street,Carleton Place,K7C1X1, ,20200403204244
1002,NH for-profit,Strathcona Long Term Care,720 Princess Street,Mount Forest,N0G2L3, ,20200403204244
M627,MHFA,Strathmere Lodge,599 Albert Street,Strathroy,N7G3J3,Postal Office Box 5000,20200403204244
2666,NH for-profit,Streamway Villa,19 James Street West,Cobourg,K9A2J8, ,20200403204244
2648,NH for-profit,Streetsville Care Community,1742 Bristol Road West,Mississauga,L5M1X9, ,20200403204244
2573,NH for-profit,Sumac Lodge,1464 Blackwell Road,Sarnia,N7S5M4, ,20200403204244
2624,NH for-profit,Summit Place,850 - 4th Street East,Owen Sound,N4K6A3, ,20200403204244
M579,MHFA,Sun Parlor Home for Senior Citizens,175 Talbot Street East,Leamington,N8H1L9, ,20200403204244
1013,NH for-profit,Sunnycrest Nursing Home,1635 Dundas Street East,Whitby,L1N2K9, ,20200403204244
M578,MHFA,Sunnyside Home,247 Franklin Street North,Kitchener,N2A1Y5, ,20200403204244
M581,MHFA,Sunset Manor Home for Senior Citizens,49 Raglan Street,Collingwood,L9Y4X1, ,20200403204244
2792,NH non-profit,Suomi-Koti Toronto Nursing Home,795 Eglinton Avenue East,Toronto,M4G4E4, ,20200403204244
M616,MHFA,Tall Pines Long Term Care Centre,1001 Peter Robertson Boulevard,Brampton,L6R2Y3, ,20200403204244
M619,MHFA,Teck Pioneer Residence,145 Government Road East,Kirkland Lake,P2N3P4,"Unit A, Postal Bag Service 1757",20200403204244
2742,NH for-profit,Telfer Place,245 Grand River Street North,Brant,N3L3V8, ,20200403204244
2698,NH for-profit,Temiskaming Lodge,100 Bruce Street,Temiskaming Shores,P0J1K0,Postal Office Box 1180,20200403204244
2649,NH for-profit,Tendercare Living Centre,1020 McNicoll Avenue,Toronto,M1W2J6, ,20200403204244
M583,MHFA,Terrace Lodge,475 Talbot Street East,Aylmer,N5H3A5,49462 Talbot Line,20200403204244
2864,NH non-profit,The Bignucolo Residence,Broomhead Road,Chapleau,P0M1K0,"Postal Office Box 757, c/o Chapleau General Hospital, 6",20200403204244
M633,CHFA,The Elliott Long Term Care Residence,170 Metcalfe Street,Guelph,N1E4Y3, ,20200403204244
995,NH for-profit,The Fordwich Village Nursing Home,3063 Adelaide Street,Fordwich,N0G1V0, ,20200403204244
2896,NH non-profit,The Four Seasons Lodge,117 Banting Drive,Deep River,K0J1P0, ,20200403204244
2699,NH non-profit,"The Grove, Arnprior and District Nursing Home",275 Ida Street North,Arnprior,K7S3M7, ,20200403204244
2909,NH for-profit,The Henley House,20 Ernest Street,St. Catharines,L2N7T2, ,20200403204244
2582,NH for-profit,The Heritage Nursing Home,1195 Queen Street East,Toronto,M4M1L6, ,20200403204244
2824,CHFA,The Jewish Home for the Aged,3560 Bathurst Street,Toronto,M6A2E1, ,20200403204244
M625,MHFA,The John M. Parrott Centre,309 Bridge Street West,Napanee,K7R2G4, ,20200403204244
2852,NH non-profit,The Kensington Gardens,25 Brunswick Avenue,Toronto,M5S2L9, ,20200403204244
2093,NH for-profit,The Maples Home for Seniors,94 William Street South,Tavistock,N0B2R0,Postal Office Box 400,20200403204244
2844,NH for-profit,The Meadows,12 Tranquility Avenue,Hamilton,L9G5C2, ,20200403204244
M515,MHFA,The Meadows of Dorchester,6623 Kalar Road,Niagara Falls,L2H2T3, ,20200403204244
2621,NH non-profit,The Norfolk Hospital Nursing Home,365 West Street,Simcoe,N3Y1T7, ,20200403204244
2631,NH for-profit,The O'Neill Centre,33 Christie Street,Toronto,M6G3B1, ,20200403204244
3025,CHFA,The Perley and Rideau Veterans' Health Centre,1750 Russell Road,Ottawa,K1G5Z6, ,20200403204244
M564,MHFA,The Pines,98 Pine Street,Bracebridge,P1L1N5, ,20200403204244
2873,NH non-profit,The Salvation Army Ottawa Grace Manor,1156 Wellington Street,Ottawa,K1Y2Z3, ,20200403204244
1101,NH for-profit,The Villa Care Centre,689 Yonge Street,Midland,L4R2E1, ,20200403204244
3046,NH for-profit,The Village at St. Clair,1800 Talbot Road,Windsor,N9H0E3, ,20200403204244
3048,NH for-profit,The Village at University Gates,250 Laurelwood Drive,Waterloo,N2J0E2, ,20200403204244
2681,NH for-profit,The Village Green Nursing Home,166 Pleasant Drive,Greater Napanee,K0K2Z0,Postal Office Box 94,20200403204244
3037,NH for-profit,The Village of Aspen Lake,9855 McHugh Street,Tecumseh,N8P0A6, ,20200403204244
2881,NH for-profit,The Village of Erin Meadows,2930 Erin Centre Boulevard,Mississauga,L5M7M4, ,20200403204244
2979,NH for-profit,The Village of Glendale Crossing,3030 Singleton Avenue,London,N6L0B6, ,20200403204244
2957,NH for-profit,The Village of Humber Heights,2245 Lawrence Avenue West,Toronto,M9P3W3, ,20200403204244
2915,NH for-profit,The Village of Riverside Glen,60 Woodlawn Road East,Guelph,N1H8M8, ,20200403204244
2859,NH for-profit,The Village of Sandalwood Park,425 Great Lakes Drive,Brampton,L6R2W8, ,20200403204244
2854,NH for-profit,The Village of Tansley Woods,4100 Upper Middle Road,Burlington,L7M4W8, ,20200403204244
2902,NH for-profit,The Village of Taunton Mills,3800 Brock Street North,Whitby,L1R3A5, ,20200403204244
2841,NH for-profit,The Village of Wentworth Heights,1620 Upper Wentworth Street,Hamilton,L9B2W3, ,20200403204244
2783,NH for-profit,The Village of Winston Park,695 Block Line Road,Kitchener,N2E3K1, ,20200403204244
2599,NH for-profit,The Village Seniors Community,101 Street,Hanover,N4N1M9,Unit 10th,20200403204244
2784,NH for-profit,The Wellington Nursing Home,1430 Upper Wellington Street,Hamilton,L9A5H3, ,20200403204244
7069,NH non-profit,The West Nipissing General Hospital,725 Coursol Road,West Nipissing,P2B2Y6, ,20200403204244
3021,CHFA,The Wexford,1860 Lawrence Avenue East,Toronto,M1R5B1, ,20200403204244
2174,NH for-profit,The Willows Estate Nursing Home,13837 Yonge Street,Aurora,L4G3G8, ,20200403204244
