Local Health Integration Network (LHIN),Home Administrator,Licensee,Management Firm,Home Type,Licensed Beds,Approved Short Stay Beds,Residents’ Council,Family Council,Accreditation,Home Designated Under French Language Services Act,Additional Information,Telephone
Erie St. Clair, MR JEFF HARVEY  ,S & R Nursing Homes Ltd.,,For-Profit,Home with approximately 128 beds,No,Yes,Yes,Yes,No,,(519) 336-2362
,,,,,,,,,,,,
Hamilton Niagara Haldimand Brant (Hnhb), Ms Mary Wariara  ,Waterdown Long Term Care Centre Inc.,,For-Profit,Home with approximately 128 beds,Yes,Yes,Yes,Yes,No,,(905) 689-2662
North East, MS PAMELA FICOCIELLO  ,Algoma Manor Nursing Home,,,Home with approximately 96 beds,Yes,Yes,Yes,Yes,No,,(705) 842-2840
North East, MS AMY MORRISON  ,Algonquin Nursing Home Of Mattawa,Hôpital De Mattawa Hospital,Non-Profit,Home with approximately 73 beds,Yes,Yes,Yes,Yes,Yes,,(705) 744-2202
Mississauga Halton, MR SEAN WEYLIE  ,The Regional Municipality Of Halton,,Municipal,Home with approximately 200 beds,No,Yes,Yes,Yes,No,,(905) 825-6000
Champlain, MS CAROLYN DELLA-FORESTA  ,0760444 B.C. Ltd. As General Partner On Behalf Of Omni Health Care Limited Partnership,,For-Profit,Home with approximately 82 beds,No,Yes,Yes,Yes,No,,(613) 256-3095
Central East, Ms Lorraine Gibson  ,Vigour Limited Partnership On Behalf Of Vigour General Partner Inc.,,For-Profit,Home with approximately 159 beds,Yes,Yes,Yes,Yes,No,,(416) 284-4781
Hamilton Niagara Haldimand Brant (Hnhb), Ms Danielle Kennedy  ,Rykka Care Centres Lp,,For-Profit,Home with approximately 61 beds,Yes,Yes,No,Yes,No,,(905) 768-1641
Hamilton Niagara Haldimand Brant (Hnhb), MS LISA PALADINO  ,Rykka Care Centres Gp Inc.,,For-Profit,Home with approximately 129 beds,No,Yes,No,No,No,,(905) 578-3431
South East, MS CHRISTINE SELLERY  ,"Axr Operating (National) Lp, By Its General Partners",,For-Profit,Home with approximately 174 beds,No,Yes,Yes,Yes,No,,(613) 544-1155
North West, MR DOUG MOYNIHAN  ,Atikokan General Hospital,,Non-Profit,Home with approximately 26 beds,No,No,Yes,Yes,No,,(807) 597-4215
North East, MR JACQUES DUPUIS  ,The Board Of Management Of The District Of Nipissing West,,Municipal,Home with approximately 162 beds,Yes,Yes,Yes,No,No,,(705) 753-1550
Central West, MS KLARA HAMVAS  ,488491 Ontario Inc.,,For-Profit,Home with approximately 137 beds,Yes,Yes,Yes,Yes,No,,(519) 941-5161
South West, MR JOE BABCOCK  ,Babcock Community Care Centre Inc.,,For-Profit,Home with approximately 60 beds,No,Yes,Yes,Yes,No,,(519) 693-4415
Erie St. Clair, MS TANYA ADAMS (Interim)  ,Rykka Care Centres Lp,,For-Profit,Home with approximately 142 beds,Yes,Yes,Yes,Yes,No,,(519) 735-3204
Waterloo Wellington, MS CATHY HOLLAND  ,2063414 Ontario Limited As General Partner Of 2063414 Investment Lp,,For-Profit,Home with approximately 96 beds,No,Yes,No,Yes,No,,(519) 669-5777
North Simcoe Muskoka, MR SCOTT STRANDHOLT  ,Bay Haven Nursing Home Incorporated,,For-Profit,Home with approximately 60 beds,No,Yes,No,No,No,,(705) 445-6501
Central East, MS LESREEN THOMAS  ,Axr Operating (National) Lp,,For-Profit,Home with approximately 124 beds,No,Yes,Yes,Yes,No,,(905) 837-8745
Champlain, MR GERRY MILLER  ,"Cvh (No. 7) Lp By Its General Partners, Southbridge Health Care Gp Inc. And Southbridge Care Homes (A Limited Partnership, By Its General Partner, Southbridge Care Homes Inc.)",,For-Profit,Home with approximately 66 beds,No,Yes,Yes,No,No,,(613) 258-7484
Hamilton Niagara Haldimand Brant (Hnhb), MS KAREN BAKKER-STEPHENS  ,Baywoods Place Operating Inc.,,For-Profit,Home with approximately 128 beds,No,Yes,Yes,Yes,No,,(905) 523-7134
Hamilton Niagara Haldimand Brant (Hnhb), MS VERONICA SWARTZ  ,Bella Senior Care Residences Inc.,Extendicare (Canada) Inc.,For-Profit,Home with approximately 161 beds,No,Yes,Yes,Yes,No,,(905) 295-2727
,,,,,,,,,,,,
South East, MS DENISE MACKEY  ,Belcrest Nursing Homes Limited,,For-Profit,Home with approximately 128 beds,No,Yes,No,Yes,No,,(613) 968-4434
North East, Ms Kami Johnson  ,Board Of Management Of The District Of Parry Sound West,,Municipal,Home with approximately 101 beds,No,Yes,Yes,Yes,No,,(705) 746-5871
Central East, MS GINA FILICE  ,Toronto Long-term Care Homes And Services,,Municipal,Home with approximately 302 beds,Yes,Yes,Yes,Yes,No,"Pavillon Omer Deslauriers, 37 beds, long term care services provided in French and English. ",(416) 397-7000
Mississauga Halton, MS SOO WONG  ,Bennett Centre Long Term Care At Bennett Village,,Non-Profit,Home with approximately 66 beds,No,Yes,Yes,Yes,No,,(905) 873-0115
Erie St. Clair, MS ERIKA HOOKER  ,Rykka Care Centres Lp,,For-Profit,Home with approximately 231 beds,No,Yes,Yes,Yes,No,,(519) 256-7868
North West, Mr Randy Middleton  ,St. Joseph's Care Group,,Non-Profit,Home with approximately 110 beds,No,Yes,Yes,Yes,No,,(807) 768-4429
,,,,,,,,,,,,
Hamilton Niagara Haldimand Brant (Hnhb), Ms Sharon Pustman  ,Maryban Holdings Ltd.,,For-Profit,Home with approximately 160 beds,No,Yes,Yes,Yes,No,,(905) 333-4006
North West, MS MARVA GRIFFITHS  ,Southbridge Capital,Extendicare Assist,For-Profit,Home with approximately 96 beds,Yes,Yes,Yes,Yes,No,,(807) 468-8625
Hamilton Niagara Haldimand Brant (Hnhb), MS SHELLY DESGAGNE  ,Blackadar Continuing Care Centre Inc.,,For-Profit,Home with approximately 80 beds,No,Yes,No,No,No,,(905) 627-5465
Erie St. Clair, MS GWEN DALY  ,Revera Long Term Care Inc.,,For-Profit,Home with approximately 65 beds,No,Yes,Yes,Yes,No,,(519) 676-8119
Central, MS JANET IWASZCZENKO  ,Specialty Care Inc.,,For-Profit,Home with approximately 112 beds,Yes,Yes,Yes,Yes,No,,(905) 640-1310
,,,,,,,,,,,,
North Simcoe Muskoka, MRS SHIRLEY CASSEL  ,The Ontario Mission Of The Deaf,,Non-Profit,Home with approximately 64 beds,No,Yes,Yes,No,No,,(705) 719-6700
South West, MS TERRI BENWELL  ,The Corporation Of The County Of Elgin Municipal Homes,,Municipal,Home with approximately 57 beds,Yes,Yes,Yes,No,No,,(519) 762-2417
Champlain, MS SHELLEY SHEEDY  ,County Of Renfrew,,Municipal,Home with approximately 180 beds,Yes,Yes,Yes,Yes,No,,(613) 432-4873
Central, MS CATHY VANBEEK  ,Specialty Care - Bradford Inc.,,For-Profit,Home with approximately 246 beds,No,Yes,Yes,Yes,No,,(905) 952-2260
South West, MR ARCHIE MacGOWAN  ,Macgowan Nursing Homes Ltd.,,For-Profit,Home with approximately 69 beds,No,Yes,No,Yes,No,,(519) 357-3430
Hamilton Niagara Haldimand Brant (Hnhb), MS BRENDA NADEAU  ,Revera Long Term Care Inc.,,For-Profit,Home with approximately 79 beds,No,Yes,Yes,Yes,No,,(519) 759-1040
South East, MS ALAINA Kerr  ,Broadview Nursing Centre Limited,,For-Profit,Home with approximately 75 beds,No,Yes,No,No,No,,(613) 283-1845
Erie St. Clair, MS NANCY COMISKEY  ,1230839 Ontario Limited,,For-Profit,Home with approximately 60 beds,No,Yes,Yes,Yes,No,,(519) 735-9810
South West, Ms Catherine Stewart  ,Corporation Of The County Of Bruce,,Municipal,Home with approximately 144 beds,No,Yes,No,No,No,,(519) 881-1570
Hamilton Niagara Haldimand Brant (Hnhb), Ms Sharon Bailey  ,Axr Operating (National) Lp,,For-Profit,Home with approximately 144 beds,No,Yes,Yes,Yes,No,,(905) 639-6389
Central East, MS APRIL FAUX  ,0760444 B.C. Ltd. As General Partner On Behalf Of Omni Health Care Limited Partnership,,For-Profit,Home with approximately 43 beds,No,Yes,Yes,Yes,No,,(705) 653-4100
Central West, MS NITIKA DHANJU  ,1245556 Ontario Inc.,Primacare Living Solutions Inc.,For-Profit,Home with approximately 128 beds,No,Yes,Yes,Yes,No,,(905) 455-1601
Hamilton Niagara Haldimand Brant (Hnhb), MS PAT CERVONI  ,The Central Canadian District Of The Christian And Missionary Alliance In Canada,,Non-Profit,Home with approximately 134 beds,No,Yes,Yes,No,No,,(905) 681-6441
Waterloo Wellington, MS HEATHER RICHARDSON  ,Caressant-care Nursing And Retirement Homes Limited,Cambridge Memorial Hospital,For-Profit,Home with approximately 80 beds,No,Yes,Yes,Yes,No,,(519) 650-0100
Mississauga Halton, Ms Justine Welburn  ,Vigour Limited Partnership On Behalf Of Vigour General Partner Inc.,,For-Profit,Home with approximately 237 beds,Yes,Yes,Yes,Yes,No,,(905) 270-0411
Central, MS LISA SOLONEN MACKAY  ,Toronto Long-term Care Homes And Services,,Municipal,Home with approximately 127 beds,No,Yes,Yes,Yes,No,,(416) 397-1500
Waterloo Wellington, MS LINDSAY ROSS  ,Caressant-care Nursing And Retirement Homes Limited,,For-Profit,Home with approximately 80 beds,No,Yes,Yes,Yes,No,,(519) 848-3795
Champlain, MS. PAMELA RICHMOND  ,Caressant-care Nursing And Retirement Homes Limited,,For-Profit,Home with approximately 60 beds,No,Yes,Yes,Yes,No,,(613) 487-2331
Champlain, MS ALEXIS ANDERSON  ,Caressant-care Nursing And Retirement Homes Limited,,For-Profit,Home with approximately 64 beds,No,Yes,No,Yes,No,,(613) 646-2109
South West, MRS MICHELE HOUGH  ,Caressant-care Nursing And Retirement Homes Limited,,For-Profit,Home with approximately 55 beds,No,Yes,No,Yes,No,,(519) 688-0710
Waterloo Wellington, MS Angel Roth  ,Caressant-care Nursing And Retirement Homes Limited,,For-Profit,Home with approximately 87 beds,No,Yes,Yes,Yes,No,,(519) 843-2400
Waterloo Wellington, MS KAYLA KNIGHT  ,Caressant-care Nursing And Retirement Homes Limited,,For-Profit,Home with approximately 92 beds,No,Yes,Yes,Yes,No,,(519) 338-3700
Central East, MR BUTCH ASHCROFT  ,Caressant-care Nursing And Retirement Homes Limited,,For-Profit,Home with approximately 124 beds,No,Yes,No,Yes,No,,(705) 324-1913
South West, MS LENORA BELLE  ,Caressant-care Nursing And Retirement Homes Limited,,For-Profit,Home with approximately 52 beds,Yes,Yes,No,Yes,No,,(519) 291-1041
South East, MS CINDY BRANDT  ,Caressant-care Nursing And Retirement Homes Limited,,For-Profit,Home with approximately 84 beds,No,Yes,Yes,Yes,No,,(613) 472-3130
South West, Ms Susan Hastings  ,Caressant-care Nursing And Retirement Homes Limited,,For-Profit,Home with approximately 116 beds,No,Yes,No,Yes,No,,(519) 633-6493
South West, MS KORI AMON  ,Caressant-care Nursing And Retirement Homes Limited,,For-Profit,Home with approximately 60 beds,No,Yes,No,Yes,No,,(519) 633-3164
Central East, MS CHRISTINE PAULL  ,Caressant-care Nursing And Retirement Homes Limited,,For-Profit,Home with approximately 96 beds,No,Yes,Yes,Yes,No,,(705) 324-0300
South West, Ms Natalie Aikens  ,Caressant-care Nursing And Retirement Homes Limited,,For-Profit,Home with approximately 163 beds,Yes,Yes,Yes,Yes,No,,(519) 539-6461
Champlain, MS MARY ZION  ,City Of Ottawa,,Municipal,Home with approximately 161 beds,No,Yes,Yes,Yes,No,,(613) 580-2953
Champlain, MR MATT CARROLL  ,Carlingview Manor Operating Inc.,,For-Profit,Home with approximately 303 beds,No,Yes,Yes,Yes,No,,(613) 820-9328
South East, MR BRETT GIBSON  ,Carveth Nursing Home Limited,,For-Profit,Home with approximately 104 beds,No,Yes,Yes,Yes,No,,(613) 382-4752
Central East, MS MONICA CARA  ,Specialty Care Case Manor Inc.,,For-Profit,Home with approximately 96 beds,No,Yes,Yes,Yes,No,,(705) 738-3821
North East, MR JAMIE LOWERY  ,Board Of Management Of The District Of Nipissing East,,Municipal,Home with approximately 240 beds,Yes,Yes,Yes,Yes,No,,(705) 474-4250
Toronto Central, Mr Tim Burns  ,Toronto Long-term Care Homes And Services,,Municipal,Home with approximately 456 beds,Yes,Yes,Yes,Yes,No,,(416) 392-5700
Mississauga Halton, MR DAVID MARRIOTT  ,Delcare Ltc Inc.,Chartwell Seniors Housing Reit,For-Profit,Home with approximately 192 beds,No,Yes,Yes,Yes,No,,(905) 306-9984
Central, MS ANNA URBANOWICZ  ,Specialty Care Inc.,,For-Profit,Home with approximately 60 beds,No,Yes,Yes,Yes,No,,(905) 476-2656
Toronto Central, MS ADELE LOPES  ,Cedarvale Terrace Ltc Inc. As General Partner Of Cedarvale Terrace Ltc Limited Partnership,,For-Profit,Home with approximately 218 beds,Yes,Yes,Yes,Yes,No,,(416) 967-6949
North East, MS JANE MASON  ,Autumnwood Mature Lifestyle Communities Inc.,Universalcare Canada Inc.,For-Profit,Home with approximately 50 beds,No,Yes,Yes,No,No,,(705) 450-5264
Hamilton Niagara Haldimand Brant (Hnhb), MS SUSAN HASTINGS  ,Maplewood Nursing Home Limited,,For-Profit,Home with approximately 91 beds,Yes,Yes,Yes,Yes,No,,(519) 426-8305
Central East, MS DEBBIE MADDISON  ,Centennial Place Millbrook Inc.,,For-Profit,Home with approximately 128 beds,No,Yes,No,Yes,No,,(705) 932-4464
Champlain, MS JACQUELINE ROY  ,City Of Ottawa,,Municipal,Home with approximately 160 beds,No,Yes,Yes,Yes,No,,(613) 746-3543
,,,,,,,,,,,,
Central, MR GREG BOUDREAU  ,Chartwell Master Care Lp,,For-Profit,Home with approximately 235 beds,Yes,Yes,Yes,Yes,No,,(905) 727-1939
South West, MS LORI DEMAITER  ,Chartwell Master Care Lp,,For-Profit,Home with approximately 64 beds,No,Yes,No,Yes,No,,(519) 773-3423
Central East, MS DUNA MCKAY  ,Chartwell Master Care Lp,,For-Profit,Home with approximately 100 beds,No,Yes,Yes,Yes,No,,(905) 683-7321
Central East, Ms Angela Rodrigues  ,"Dtoc Ii Long Term Care Lp, By Its General Partner, Dtoc Ii Long Term Care Mgp (A General Partnership) By Its Partners, Dtoc Ii Long Term Care Gp Inc. And Arch Venture Holdings Inc.",Responsive Health Management Inc.,For-Profit,Home with approximately 57 beds,Yes,Yes,Yes,Yes,No,,(705) 432-2385
Hamilton Niagara Haldimand Brant (Hnhb), MS CARLA ROCHE  ,Regency Ltc Operating Limited Partnership On Behalf Of Regency Operator Gp Inc. As General Partner,,For-Profit,Home with approximately 175 beds,No,Yes,Yes,Yes,No,,(905) 639-2848
Champlain, MR DANY ROUSSEL  ,"Dtoc Ii Long Term Care Lp, By Its General Partner, Dtoc Ii Long Term Care Mgp (A General Partnership) By Its Partners, Dtoc Ii Long Term Care Gp Inc. And Arch Venture Holdings Inc.",Responsive Health Management Inc.,For-Profit,Home with approximately 60 beds,No,Yes,Yes,Yes,Yes,,(613) 675-4617
Waterloo Wellington, MS PENNY SILVA  ,Chartwell Master Care Lp,,For-Profit,Home with approximately 48 beds,No,Yes,No,Yes,No,,(519) 669-2921
Central, MS AUTUMN TRUMBULL  ,Chartwell Master Care Lp,,For-Profit,Home with approximately 202 beds,No,Yes,No,Yes,No,,(416) 493-4666
Champlain, MS NICOLE GURNSEY  ,"Dtoc Ii Long Term Care Lp, By Its General Partner, Dtoc Ii Long Term Care Mgp (A General Partnership) By Its Partners, Dtoc Ii Long Term Care Gp Inc. And Arch Venture Holdings Inc.",Responsive Health Management Inc.,For-Profit,Home with approximately 60 beds,No,Yes,Yes,Yes,Yes,,(613) 347-3016
South West, MS LINDA ADAMSON  ,Chartwell Master Care Lp,,For-Profit,Home with approximately 95 beds,No,Yes,No,Yes,No,,(519) 434-2727
Hamilton Niagara Haldimand Brant (Hnhb), Mr Chris Poos  ,"Dtoc Ii Long Term Care Lp, By Its General Partner, Dtoc Ii Long Term Care Mgp (A General Partnership) By Its Partners, Dtoc Ii Long Term Care Gp Inc. And Arch Venture Holdings Inc.",Responsive Health Management Inc.,For-Profit,Home with approximately 124 beds,No,Yes,Yes,Yes,No,,(905) 468-2111
South West, Ms Lisa Smith  ,Chartwell Master Care Lp,,For-Profit,Home with approximately 59 beds,No,Yes,No,Yes,No,,(519) 294-6342
Central West, MS CHRISTINA MATTA  ,Chartwell Master Care Lp,,For-Profit,Home with approximately 101 beds,Yes,Yes,Yes,Yes,No,,(905) 850-3605
Erie St. Clair, MS NICOLE ROSS  ,Chartwell Master Care Lp,,For-Profit,Home with approximately 160 beds,No,Yes,Yes,Yes,No,,(519) 733-9303
Central East, MS SHOMA MARAJ  ,Trilogy Ltc Inc.,,For-Profit,Home with approximately 197 beds,Yes,Yes,Yes,Yes,No,,(416) 443-1074
Mississauga Halton, MS MICHELE MACKENZIE  ,Regency Ltc Operating Limited Partnership On Behalf Of Regency Operator Gp Inc. As General Partner,,For-Profit,Home with approximately 168 beds,No,Yes,Yes,Yes,No,,(905) 827-2405
Mississauga Halton, MS CECILE CARROL  ,Regency Ltc Operating Limited Partnership On Behalf Of Regency Operator Gp Inc. As General Partner,,For-Profit,Home with approximately 161 beds,No,Yes,Yes,Yes,No,,(905) 822-4663
Mississauga Halton, Ms Sara Rickards  ,Regency Ltc Operating Limited Partnership On Behalf Of Regency Operator Gp Inc. As General Partner,,For-Profit,Home with approximately 187 beds,No,Yes,Yes,Yes,No,,(416) 622-7094
Waterloo Wellington, MS DAWNA COURTNEY  ,Regency Ltc Operating Limited Partnership On Behalf Of Regency Operator Gp Inc. As General Partner,,For-Profit,Home with approximately 161 beds,No,Yes,Yes,Yes,No,,(519) 570-2115
Toronto Central, Ms Adyanes Lachowski  ,Chartwell Master Care Lp,,For-Profit,Home with approximately 57 beds,Yes,Yes,Yes,Yes,No,,(416) 533-7935
Hamilton Niagara Haldimand Brant (Hnhb), MS KATE MACDONALD  ,Regency Ltc Operating Limited Partnership On Behalf Of Regency Operator Gp Inc. As General Partner,,For-Profit,Home with approximately 169 beds,No,Yes,Yes,Yes,No,,(905) 304-6781
Central, Mr Andre Dwyer  ,Regency Ltc Operating Limited Partnership On Behalf Of Regency Operator Gp Inc. As General Partner,,For-Profit,Home with approximately 192 beds,Yes,No,Yes,Yes,No,,(905) 472-3320
Central East, Ms Debbie McCance  ,Regency Ltc Operating Limited Partnership On Behalf Of Regency Operator Gp Inc. As General Partner,,For-Profit,Home with approximately 172 beds,No,Yes,Yes,Yes,No,,(905) 571-0065
Erie St. Clair, MS ANNEMARIE MELOCHE  ,"Dtoc Long Term Care Lp, By Its General Partner, Dtoc Long Term Care Mgp (A General Partnership) By Its Partners, Dtoc Long Term Care Gp Inc. And Arch Venture Holdings Inc.",Universalcare Canada Inc.,For-Profit,Home with approximately 59 beds,No,Yes,Yes,Yes,No,,(519) 254-4341
South West, MRS SUZI HOLSTER  ,"Cvh (No. 3) Lp By Its General Partners, Southbridge Health Care Gp Inc. And Southbridge Care Homes (A Limited Partnership, By Its General Partner, Southbridge Care Homes Inc.)","Diversicare Canada Management Services Co., Inc.",For-Profit,Home with approximately 247 beds,Yes,Yes,Yes,Yes,No,,(519) 432-1855
Central, MS JENNIFER GILLINGHAM  ,Vigour Limited Partnership On Behalf Of Vigour General Partner Inc.,,For-Profit,Home with approximately 170 beds,Yes,Yes,Yes,Yes,No,,(416) 223-4050
Toronto Central, MS CYNTHIA MARINELLI  ,Broadview Foundation,,Non-Profit,Home with approximately 203 beds,No,Yes,Yes,Yes,No,,(416) 466-2173
Hamilton Niagara Haldimand Brant (Hnhb), MR MICHAEL JANJIC  ,Clarion Nursing Homes Limited,,For-Profit,Home with approximately 100 beds,No,Yes,Yes,Yes,No,,(905) 664-2281
North Simcoe Muskoka, MS MICHELLE UPRICHARD  ,Oakwood Retirement Communities Inc.,,For-Profit,Home with approximately 112 beds,No,Yes,Yes,Yes,No,,(705) 726-8691
North Simcoe Muskoka, MR PETER ZOBER  ,Collingwood Nursing Home Limited,,For-Profit,Home with approximately 60 beds,No,Yes,Yes,No,No,,(705) 445-3991
Waterloo Wellington, Ms Lilibeth Medina  ,Revera Long Term Care Inc.,,For-Profit,Home with approximately 156 beds,No,Yes,Yes,Yes,No,,(519) 884-4480
Mississauga Halton, Ms Nicole Fisher  ,Rykka Care Centres Lp,,For-Profit,Home with approximately 192 beds,Yes,Yes,Yes,Yes,No,,(905) 270-0170
Toronto Central, MS ROXANNE ADAMS  ,Copernicus Lodge,,Non-Profit,Home with approximately 228 beds,Yes,Yes,Yes,No,No,,(416) 536-7122
Erie St. Clair, MS SHANNON SNELGROVE  ,Copper Terrace Limited,Apans Inc.,For-Profit,Home with approximately 138 beds,Yes,Yes,Yes,Yes,No,,(519) 354-5442
South West, Ms Christi Broderick  ,Grosvenor Health Care Partnership (No. 3),Revera Long Term Care Inc.,For-Profit,Home with approximately 34 beds,No,Yes,Yes,Yes,No,,(519) 794-2244
South West, MS KAREN DANN  ,Omni Healthcare (Ct) Gpco Ltd. As General Partner Of Omni Healthcare (Country Terrace) Limited Partnershippartner,,For-Profit,Home with approximately 120 beds,Yes,Yes,No,Yes,No,,(519) 657-2955
Erie St. Clair, MS JANET CARRIERE  ,"Cvh (No. 5) Lp By Its General Partners, Southbridge Health Care Gp Inc. And Southbridge Care Homes (A Limited Partnership, By Its General Partner, Southbridge Care Homes Inc.)",Kanata Living Inc.,For-Profit,Home with approximately 104 beds,No,Yes,Yes,Yes,No,,(519) 839-4812
North East, MS TRACEY GEMMILL  ,675412 Ontario Inc.,,For-Profit,Home with approximately 48 beds,Yes,Yes,No,Yes,No,,(705) 544-8191
North West, MS KANDICE HENRY  ,Board Of Management Of The District Of Kenora,Unity Health Toronto,Municipal,Home with approximately 32 beds,No,Yes,Yes,No,No,"Name: Dale Clement,
Position: VP Clinical Programs & Site Lead St. Joseph's Health Centre
30 The Queensway
Toronto ON M6R 1B5
Phone: 416-530-6657
E-mail: dale.clement@unityhealth.to",(807) 727-2323
Hamilton Niagara Haldimand Brant (Hnhb), MR BILL NOLAN  ,The Corporation Of Norfolk County,,Municipal,Home with approximately 180 beds,Yes,Yes,Yes,Yes,No,,(519) 426-0902
Toronto Central, Ms Martha Acuna-Galeano  ,Norwood Nursing Home Limited,,For-Profit,Home with approximately 60 beds,No,Yes,Yes,Yes,No,,(416) 535-3011
North Simcoe Muskoka, MS ANNETTE SCHNEIDER  ,Revera Long Term Care Inc.,,For-Profit,Home with approximately 94 beds,No,Yes,Yes,Yes,No,,(705) 325-2289
Hamilton Niagara Haldimand Brant (Hnhb), MR STEPHEN MORAN  ,Maryban Holdings Ltd.,,For-Profit,Home with approximately 153 beds,Yes,Yes,No,Yes,No,,(905) 356-8732
South West, MS MAUREEN KELLY  ,Oneida Nation Of The Thames,,Non-Profit,Home with approximately 64 beds,No,Yes,Yes,No,No,,(519) 652-8977
Hamilton Niagara Haldimand Brant (Hnhb), MS CINDY SHEPPARD  ,Rykka Care Centres Lp,,For-Profit,Home with approximately 45 beds,No,Yes,Yes,Yes,No,,(905) 643-1795
Central East, MR JASON GAY  ,"Cvh (No. 6) Lp By Its General Partners, Southbridge Health Care Gp Inc. And Southbridge Care Homes (A Limited Partnership, By Its General Partner, Southbridge Care Homes Inc.)",,For-Profit,Home with approximately 233 beds,No,Yes,Yes,Yes,No,,(905) 831-2522
North Simcoe Muskoka, MS LENKA FOUSEK  ,2063414 Ontario Limited As General Partner Of 2063414 Investment Lp,,For-Profit,Home with approximately 57 beds,No,Yes,Yes,Yes,No,,(705) 726-8621
Champlain, MS JESSICA VALADE  ,"Cvh (No. 6) Lp By Its General Partners, Southbridge Health Care Gp Inc. And Southbridge Care Homes (A Limited Partnership, By Its General Partner, Southbridge Care Homes Inc.)",,For-Profit,Home with approximately 65 beds,No,Yes,No,Yes,No,,(613) 933-2592
Hamilton Niagara Haldimand Brant (Hnhb), SANDY HALL  ,Park Lane Terrace Limited,Apans Health Services,For-Profit,Home with approximately 132 beds,No,Yes,Yes,Yes,No,,(519) 442-2753
Central, MS KAREN GAYMAN  ,The Mennonite Home Association As York County,,Non-Profit,Home with approximately 128 beds,No,Yes,Yes,Yes,No,,(905) 640-1911
South West, Ms Christi Broderick  ,Grosvenor Health Care Partnership (No. 3),Extendicare (Canada) Inc.,For-Profit,Home with approximately 34 beds,No,Yes,Yes,Yes,No,,(519) 363-2416
Hamilton Niagara Haldimand Brant (Hnhb), MS LISA HISCOTT  ,The Parkview Health Care Partnership On Behalf Of 593405 Ontario Limited As General Partner,Metcap Living Management Inc./Gestion Residentielle Metcap Inc.,For-Profit,Home with approximately 126 beds,No,Yes,Yes,Yes,No,,(905) 525-5903
Waterloo Wellington, Ms Christine Nomandeau  ,Parkwood Mennonite Home Inc.,,Non-Profit,Home with approximately 96 beds,No,Yes,Yes,Yes,No,,(519) 885-4810
Central West, Ms. Liezle Trinidad  ,The Regional Municipality Of Peel (See Owner No. 416),,Municipal,Home with approximately 177 beds,No,Yes,Yes,Yes,No,,(905) 453-4140
,,,,,,,,,,,,
Waterloo Wellington, MR MIKE DICKIN  ,Peoplecare Communities Inc.,,For-Profit,Home with approximately 185 beds,No,Yes,Yes,Yes,No,,(519) 621-3067
South West, MR JEREMY ZINGER  ,Peoplecare Communities Inc.,,For-Profit,Home with approximately 160 beds,No,Yes,Yes,Yes,No,,(519) 641-0023
South West, MS DEBORAH WETTLAUFER  ,Peoplecare Communities Inc.,,For-Profit,Home with approximately 100 beds,Yes,Yes,No,Yes,No,,(519) 655-2031
South East, MS JENNIFER CUMMINS  ,"Arch Long Term Care Lp By Its General Partner, Arch Long Term Care Mgp, By Its Partners, Arch Long Term Care Gp Inc. And Arch Capital Management Corporation",Universalcare Canada Inc.,For-Profit,Home with approximately 121 beds,No,Yes,Yes,Yes,No,,(613) 267-2506
Champlain, MS SHELLEY KUIACK  ,City Of Ottawa,,Municipal,Home with approximately 216 beds,No,Yes,Yes,Yes,No,,(613) 274-2671
South East, MS MARGARET PALIMAKA  ,Land O'lakes Community Services,Extendicare (Canada) Inc.,Non-Profit,Home with approximately 60 beds,Yes,Yes,Yes,Yes,No,,(613) 336-9120
Hamilton Niagara Haldimand Brant (Hnhb), MS LISA PALADINO  ,Rykka Care Centres I I Gp Inc,,For-Profit,Home with approximately 41 beds,No,Yes,No,No,No,,(905) 573-4940
North West, MR KEVIN QUEEN  ,Board Of Management Of The District Of Kenora,,Municipal,Home with approximately 116 beds,Yes,Yes,Yes,No,No,,(807) 468-3165
Champlain, MS DIANE PELLETIER  ,"Cvh (No. 4) Lp By Its General Partners, Southbridge Health Care Gp Inc. And Southbridge Care Homes (A Limited Partnership, By Its General Partner, Southbridge Care Homes Inc.)",,For-Profit,Home with approximately 60 beds,No,Yes,Yes,No,No,,(613) 673-4835
South West, MS LISA STROEDER  ,Revera Long Term Care Inc.,,For-Profit,Home with approximately 61 beds,No,Yes,Yes,Yes,No,,(519) 528-2820
Central East, MS MARY CARR  ,Medlaw Corporation Limited,,For-Profit,Home with approximately 65 beds,No,Yes,Yes,No,No,,(705) 738-2366
Waterloo Wellington, M. BRYCE MCBAIN  ,Schlegel Villages Inc.,,For-Profit,Home with approximately 84 beds,No,Yes,Yes,Yes,No,,(519) 885-0255
North East, AARON ARCHIBALD  ,The City Of Greater Sudbury,,Municipal,Home with approximately 433 beds,No,Yes,Yes,Yes,No,,(705) 566-4270
North West, LEE MESIC  ,The Corporation Of The City Of Thunder Bay,,Municipal,Home with approximately 150 beds,No,Yes,Yes,Yes,No,,(807) 684-3910
Hamilton Niagara Haldimand Brant (Hnhb), MS CHRISTINE LEONARD  ,Pleasant Manor Retirement Village,,Non-Profit,Home with approximately 41 beds,No,Yes,No,No,No,,(905) 468-1111
Central East, MS SANDRA TUCKER  ,0760444 B.C. Ltd. As General Partner On Behalf Of Omni Health Care Limited Partnership,,For-Profit,Home with approximately 61 beds,No,Yes,Yes,Yes,No,,(705) 639-5308
Central East, MS TISHA PEERS  ,"Cvh (No. 6) Lp By Its General Partners, Southbridge Health Care Gp Inc. And Southbridge Care Homes (A Limited Partnership, By Its General Partner, Southbridge Care Homes Inc.)",,For-Profit,Home with approximately 107 beds,No,Yes,Yes,Yes,No,,(905) 985-3205
Mississauga Halton, MS ANGELA ARCHER  ,The Regional Municipality Of Halton,,Municipal,Home with approximately 228 beds,Yes,Yes,Yes,Yes,No,,(905) 825-6000
North West, MR PATRICK BERREY  ,Kenora District Home For The Aged Board Of Management,,Municipal,Home with approximately 97 beds,Yes,Yes,Yes,No,No,,(807) 223-4600
,,,,,,,,,,,,
,,,,,,,,,,,,
Hamilton Niagara Haldimand Brant (Hnhb), Ms Candice Lanthier  ,Liuna Local 837 Nursing Home (Hamilton) Corporation,Chartwell Seniors Housing Reit,Non-Profit,Home with approximately 128 beds,No,Yes,Yes,Yes,No,,(905) 972-8889
South West, Ms Donna McLeod  ,"Cvh (No. 8) Lp By Its General Partners, Southbridge Health Care Gp Inc. And Southbridge Care Homes (A Limited Partnership, By Its General Partner, Southbridge Care Homes Inc.)",,For-Profit,Home with approximately 60 beds,Yes,Yes,Yes,Yes,No,,(519) 262-2830
,,,,,,,,,,,,
North West, MR TED SCHOLTEN  ,Riverside Health Care Facilities Inc.,,Non-Profit,Home with approximately 21 beds,No,Yes,No,No,No,,(807) 274-3261
,,,,,,,,,,,,
Central East, MR WAYNE CONNELLY  ,Revera Long Term Care Inc.,,For-Profit,Home with approximately 100 beds,No,Yes,Yes,Yes,No,,(905) 852-5191
Central East, MS SUSAN GALLANT  ,"Cvh (No. 6) Lp By Its General Partners, Southbridge Health Care Gp Inc. And Southbridge Care Homes (A Limited Partnership, By Its General Partner, Southbridge Care Homes Inc.)",,For-Profit,Home with approximately 60 beds,Yes,Yes,Yes,Yes,No,,(905) 885-4558
Erie St. Clair, MS ANNEMARIE MELOCHE  ,"Dtoc Long Term Care Lp, By Its General Partner, Dtoc Long Term Care Mgp (A General Partnership) By Its Partners, Dtoc Long Term Care Gp Inc. And Arch Venture Holdings Inc.",Universalcare Canada Inc.,For-Profit,Home with approximately 72 beds,No,Yes,Yes,Yes,No,,(519) 254-1141
Hamilton Niagara Haldimand Brant (Hnhb), Ms Heather Gates  ,Liuna Local 837 Nursing Home (Ancaster) Corporation,Chartwell Seniors Housing Reit,Non-Profit,Home with approximately 128 beds,No,Yes,Yes,Yes,No,,(905) 383-2970
Champlain, MR ALEXANDRE GORMAN  ,United Counties Of Prescott And Russell,,Municipal,Home with approximately 146 beds,Yes,Yes,Yes,Yes,No,,(613) 632-2758
,,,,,,,,,,,,
Erie St. Clair, MS HEATHER WHIFIELD  ,Richmond Terrace Limited,Apans Health Services,For-Profit,Home with approximately 120 beds,Yes,Yes,Yes,Yes,No,,(519) 736-4295
South East, CASIE KEYES  ,The Corporation Of The City Of Kingston,,Municipal,Home with approximately 170 beds,No,Yes,Yes,Yes,No,,(613) 530-2818
Hamilton Niagara Haldimand Brant (Hnhb), MS Kim Rheinlander  ,Axr Operating (National) Lp,,For-Profit,Home with approximately 120 beds,No,Yes,Yes,Yes,No,,(905) 561-3332
,,,,,,,,,,,,
Central, Ms Darlene Horne  ,Atk Care Inc.,,For-Profit,Home with approximately 120 beds,No,Yes,Yes,Yes,No,,(905) 722-3631
Waterloo Wellington, MS DEBORAH SIMS  ,Revera Long Term Care Inc.,,For-Profit,Home with approximately 54 beds,No,Yes,Yes,Yes,No,,(519) 740-3820
Erie St. Clair, MR DAVID TOWERS  ,Axr Operating (National) Lp,,For-Profit,Home with approximately 96 beds,No,Yes,Yes,Yes,No,,(519) 974-0148
Erie St. Clair, MS MARY ALICE SEARLES  ,The Corporation Of The Municipality Of Chatham-kent,,Municipal,Home with approximately 320 beds,Yes,Yes,Yes,No,No,,(519) 352-4823
Central East, MS MARY ANNE GRECO  ,0760444 B.C. Ltd. As General Partner On Behalf Of Omni Health Care Limited Partnership,,For-Profit,Home with approximately 124 beds,No,Yes,Yes,Yes,No,,(705) 748-6706
North Simcoe Muskoka, Ms Carrie Acton  ,Barrie Long Term Care Centre Inc.,Jarlette Health Services,For-Profit,Home with approximately 140 beds,No,Yes,No,Yes,No,,(705) 733-3231
Central East, MS NAZIRA JAFFER  ,Vigour Limited Partnership On Behalf Of Vigour General Partner Inc.,,For-Profit,Home with approximately 204 beds,Yes,Yes,Yes,Yes,No,,(416) 264-3201
South West, MS KAREN KRAUS  ,Corporation Of The County Of Grey,,Municipal,Home with approximately 100 beds,No,Yes,Yes,No,No,,(519) 369-6035
Toronto Central, MS HELEN JUNG  ,Rose Of Sharon (Ontario) Retirement Community,Assured Care Consulting Inc.,Non-Profit,Home with approximately 60 beds,No,Yes,Yes,No,No,,(416) 979-7027
South East, MS TRACEY FOSTER  ,0760444 B.C. Ltd. As General Partner On Behalf Of Omni Health Care Limited Partnership,,For-Profit,Home with approximately 78 beds,No,Yes,Yes,Yes,No,,(613) 283-5471
North East, MR PAUL CHATELAIN  ,Bingham Memorial Hospital,,Non-Profit,Home with approximately 20 beds,No,Yes,Yes,No,No,,(705) 273-2424
Champlain, MS DEBIE PILON (Interim)  ,Royal Ottawa Health Care Group,,Non-Profit,Home with approximately 70 beds,Yes,Yes,Yes,Yes,No,,(613) 722-6521
Hamilton Niagara Haldimand Brant (Hnhb), MS HELEN MILLAR  ,859530 Ontario Inc. (Operating As Jarlette Health Services),,For-Profit,Home with approximately 96 beds,No,No,No,No,No,,rue
Waterloo Wellington, MS SHELLEY GOULD  ,Shanti Enterprises Limited,,For-Profit,Home with approximately 67 beds,No,Yes,Yes,Yes,No,,(519) 343-2611
,,,,,,,,,,,,
Champlain, MS STEPHANIE KINNEAR  ,458422 Ontario Limited,,For-Profit,Home with approximately 53 beds,No,Yes,Yes,Yes,No,,(613) 933-6972
North West, MS DEBBIE HARDY  ,Sante Manitouwadge Health,,Non-Profit,Home with approximately 9 beds,No,Yes,Yes,Yes,No,,(807) 826-3251
North Simcoe Muskoka, Ms Gale Coburn  ,Revera Long Term Care Inc.,,For-Profit,Home with approximately 60 beds,Yes,Yes,Yes,Yes,No,,(705) 322-2182
Champlain, MS CHANTAL CRISPIN  ,2629693 Ontario Inc.,Taminagi Inc. (As Manager),For-Profit,Home with approximately 46 beds,No,Yes,Yes,Yes,No,"Recipient no 346524 – Sarsfield Colonial Home
Comment - Change in Ownership effective February 19 2020. Details transferred to Recipient no 664183/ Facility no NH1692
",(613) 835-2977
South West, Ms Heather Whitfield  ,"Cvh (No. 8) Lp By Its General Partners, Southbridge Health Care Gp Inc. And Southbridge Care Homes (A Limited Partnership, By Its General Partner, Southbridge Care Homes Inc.)",,For-Profit,Home with approximately 63 beds,Yes,Yes,Yes,Yes,No,,(519) 527-0030
South West, MS TAMMY LYN SMITH  ,Vigour Limited Partnership On Behalf Of Vigour General Partner Inc.,,For-Profit,Home with approximately 80 beds,Yes,Yes,Yes,Yes,No,,(519) 485-3920
Central, MS KATHY METCALFE  ,North York General Hospital,,Non-Profit,Home with approximately 192 beds,Yes,Yes,Yes,Yes,No,,(416) 756-0066
Central East, MR PETER PUIATTI  ,Toronto Long-term Care Homes And Services,,Municipal,Home with approximately 249 beds,Yes,Yes,Yes,Yes,No,,(416) 392-3500
,,,,,,,,,,,,
Hamilton Niagara Haldimand Brant (Hnhb), Mr Kenneth Callaghan  ,Shalom Village Nursing Home,,Non-Profit,Home with approximately 127 beds,No,Yes,Yes,Yes,No,,(905) 529-1613
Central West, MS. LISA THOMPSON  ,"Cvh (No. 8) Lp By Its General Partners, Southbridge Health Care Gp Inc. And Southbridge Care Homes (A Limited Partnership, By Its General Partner, Southbridge Care Homes Inc.)",,For-Profit,Home with approximately 60 beds,Yes,Yes,Yes,Yes,No,,(519) 925-3746
Central East, MS CATHY FIORE  ,Shepherd Village Inc.,,Non-Profit,Home with approximately 252 beds,No,Yes,Yes,Yes,No,,(416) 609-5700
Toronto Central, MS COLETTE CAMERON  ,Drs. Paul And John Rekai Centre,,Non-Profit,Home with approximately 126 beds,Yes,Yes,No,Yes,No,,(416) 964-1599
Mississauga Halton, MS MARIANNE KLEIN  ,The Regional Municipality Of Peel,,Municipal,Home with approximately 142 beds,No,Yes,Yes,Yes,No,,(905) 791-8668
Central, LEEAN BOWMAN  ,Axr Operating (National) Lp,,For-Profit,Home with approximately 96 beds,No,Yes,Yes,Yes,No,,(905) 303-3565
South East, MR ALFRED O'ROURKE  ,Sherwood Park Manor,,Non-Profit,Home with approximately 107 beds,No,Yes,Yes,No,No,,(613) 342-5531
Mississauga Halton, Ms Chris Read  ,Specialty Care Mississauga Inc.,,For-Profit,Home with approximately 160 beds,No,Yes,Yes,Yes,No,,(905) 817-7050
Central, Ms Janina Grabowski  ,Corporation Of The County Of Simcoe,Simcoe County (Self-managed),Municipal,Home with approximately 126 beds,Yes,Yes,Yes,Yes,No,,(905) 729-2267
Central, SUKHWINDER PALIAL  ,Poranganel Holdings Limited,,For-Profit,Home with approximately 36 beds,No,Yes,Yes,Yes,No,,(905) 833-5037
Central West, MRS JANICE L. KING  ,King Nursing Home Limited,,For-Profit,Home with approximately 86 beds,Yes,Yes,Yes,Yes,No,,(905) 857-4117
South West, MS THERESA WAKEM  ,Kingsway Nursing Homes Limited,,For-Profit,Home with approximately 63 beds,Yes,Yes,Yes,No,No,,(519) 284-2921
Central West, MR BAMBO OLUWADIMU  ,Toronto Long-term Care Homes And Services,,Municipal,Home with approximately 337 beds,Yes,Yes,Yes,Yes,No,,(416) 392-2300
,,,,,,,,,,,,
,,,,,,,,,,,,
Mississauga Halton, MS LAURA PUTERIS  ,Labdara Foundation,Assured Care Consulting Inc.,Non-Profit,Home with approximately 90 beds,No,Yes,Yes,No,No,,(416) 232-2112
North East, MS KADEAN OGILVIE-PINTER  ,Lady Dunn Health Centre,,Non-Profit,Home with approximately 16 beds,Yes,Yes,Yes,Yes,No,,(705) 856-2335
North East, MR STEVE WHITE (A)  ,West Parry Sound Health Centre,,Non-Profit,Home with approximately 20 beds,No,No,No,No,No,,(705) 746-9667
North East, MR STEVE WHITE (A)  ,Lakeland Long Term Care Services Corporation,,Non-Profit,Home with approximately 90 beds,No,Yes,No,No,No,,(705) 746-9667
Toronto Central, MR RANJIT CALAY  ,Toronto Long-term Care Homes And Services,,Municipal,Home with approximately 150 beds,No,Yes,Yes,Yes,No,,(416) 392-9400
Toronto Central, MS RACHELLE CUARESMA-CANLAS  ,Toronto Rehabilitation Institute,Extendicare (Canada) Inc.,Non-Profit,Home with approximately 128 beds,Yes,Yes,Yes,Yes,No,,(416) 533-2828
Central East, MR MICHAEL MACDONALD  ,Regional Municipality Of Durham,,Municipal,Home with approximately 149 beds,Yes,Yes,Yes,Yes,No,,(705) 426-7388
Erie St. Clair, DULCIE LINDO  ,The Corporation Of The County Of Lambton,,Municipal,Home with approximately 125 beds,No,Yes,Yes,No,No,,(519) 882-1470
Waterloo Wellington, MS HILDY NICKEL  ,Steeves & Rozema Enterprises Limited,,For-Profit,Home with approximately 160 beds,No,Yes,Yes,Yes,No,,(519) 743-4200
South East, MS JENNIE BINGLEY  ,The Corporation Of The County Of Lanark,,Municipal,Home with approximately 163 beds,Yes,Yes,Yes,Yes,No,,(613) 267-4225
Central, MS DENIESE JOHNSON  ,2063414 Ontario Limited As General Partner Of 2063414 Investment Lp,,For-Profit,Home with approximately 160 beds,No,Yes,Yes,Yes,No,,(905) 731-2273
Waterloo Wellington, MS DAHLIA BURT-GERRANS  ,"Lapointe-fisher Nursing Home, Limited",,For-Profit,Home with approximately 92 beds,No,Yes,Yes,Yes,No,,(519) 821-9030
North Simcoe Muskoka, Ms. Rhonda Murray-Collins  ,Orillia Long Term Care Centre Inc.,,For-Profit,Home with approximately 145 beds,Yes,Yes,Yes,Yes,No,"705-325-9181 Ext.  201
DOC: Cara Sander
rcollins@jarlette.com
",(705) 325-9181
,,,,,,,,,,,,
South West, MS STACEY GOLDIE  ,Corporation Of The County Of Grey,,Municipal,Home with approximately 150 beds,No,Yes,Yes,No,No,,(519) 376-4420
,,,,,,,,,,,,
Hamilton Niagara Haldimand Brant (Hnhb), MS CINDY PERRODOU  ,The Regional Municipality Of Niagara,,Municipal,Home with approximately 248 beds,Yes,Yes,Yes,Yes,No,,(905) 934-3364
Champlain, MS TRACY HALL-KONINK  ,Axr Operating (National) Lp,,For-Profit,Home with approximately 114 beds,No,Yes,Yes,Yes,No,,(613) 823-8999
Hamilton Niagara Haldimand Brant (Hnhb), MS. HOLLY ODOARDI (A)  ,City Of Hamilton,,Municipal,Home with approximately 270 beds,No,Yes,Yes,Yes,No,,(905) 546-2800
Central, MR ANDRE BARROS  ,Mackenzie Health,Universalcare Canada Inc.,Non-Profit,Home with approximately 168 beds,No,Yes,Yes,Yes,No,,(905) 883-2442
Central, MS YVONNE CARVALHO  ,Revera Long Term Care Inc.,,For-Profit,Home with approximately 93 beds,No,Yes,Yes,Yes,No,,(905) 853-3242
Champlain, Ms Denae Moores  ,The Royale Development Lp,,For-Profit,Home with approximately 160 beds,No,Yes,Yes,Yes,No,,(613) 824-2040
Toronto Central, MS JUDITH JACKSON  ,Revera Long Term Care Inc.,,For-Profit,Home with approximately 150 beds,Yes,Yes,Yes,Yes,No,,(416) 690-3001
South West, Ms Tanya Adams  ,Grosvenor Health Care Partnership (No. 3),Extendicare (Canada) Inc.,For-Profit,Home with approximately 91 beds,Yes,Yes,Yes,Yes,No,,(519) 524-7324
Central West, Mr Dwayne Green  ,The Regional Municipality Of Peel,,Municipal,Home with approximately 160 beds,No,Yes,Yes,Yes,No,,(905) 823-6700
North East, MS TAMARA BEAM  ,Manitoulin Centennial Manor Home For The Aged Board Of Management,Extendicare (Canada) Inc.,Municipal,Home with approximately 60 beds,No,Yes,No,No,No,,(705) 368-2710
North East, MS SUSAN FARREN  ,584482 Ontario Inc.,,For-Profit,Home with approximately 61 beds,Yes,Yes,Yes,Yes,No,,(705) 282-2007
Champlain, MR. PAUL BEVERLEY  ,"Cvh (No. 4) Lp By Its General Partners, Southbridge Health Care Gp Inc. And Southbridge Care Homes (A Limited Partnership, By Its General Partner, Southbridge Care Homes Inc.)",,For-Profit,Home with approximately 64 beds,No,Yes,Yes,No,No,,(613) 744-1861
Central West, MS MICHELE MACKENZIE  ,2063415 Ontario Limited As General Partner Of 2063415 Investment Lp,,For-Profit,Home with approximately 160 beds,No,Yes,Yes,Yes,No,,(905) 458-7604
South West, Ulrike Lammel-Joseph  ,Maplewood Nursing Home Limited,,For-Profit,Home with approximately 106 beds,No,Yes,Yes,Yes,No,,(519) 842-3563
Hamilton Niagara Haldimand Brant (Hnhb), MS CAROLE JUKOSKY  ,1365853 Ontario Limited,,For-Profit,Home with approximately 96 beds,No,Yes,Yes,Yes,No,,(905) 994-0224
South West, MS TRACEE GIVENS  ,"Cvh (No. 3) Lp By Its General Partners, Southbridge Health Care Gp Inc. And Southbridge Care Homes (A Limited Partnership, By Its General Partner, Southbridge Care Homes Inc.)",,For-Profit,Home with approximately 29 beds,No,Yes,Yes,Yes,No,,(519) 376-2522
South East, MS TRACY JORDAN  ,United Counties Of Leeds And Grenville,,Municipal,Home with approximately 60 beds,No,Yes,Yes,No,No,,(613) 924-2696
Hamilton Niagara Haldimand Brant (Hnhb), MRS BARBARA GOETZ  ,Dallov Holdings Limited,,For-Profit,Home with approximately 93 beds,No,Yes,Yes,Yes,No,,(905) 639-2264
South East, MS RACHEL CORKEY  ,0760444 B.C. Ltd. As General Partner On Behalf Of Omni Health Care Limited Partnership,,For-Profit,Home with approximately 49 beds,No,Yes,Yes,Yes,No,,(613) 475-2442
Champlain, MS LINDA M. TRACEY  ,Marianhill Inc.,,Non-Profit,Home with approximately 139 beds,Yes,Yes,Yes,Yes,No,,(613) 735-6838
Central, MR BERNARD BORELAND  ,Mariann Nursing Home And Residence,,Non-Profit,Home with approximately 64 beds,No,Yes,Yes,Yes,No,,(905) 884-9276
Central, MR MIKE BAKEWELL  ,"Markhaven, Inc.",,Non-Profit,Home with approximately 96 beds,No,No,Yes,No,No,,(905) 294-2233
Erie St. Clair, MS CARLA ALWAY  ,The Corporation Of The County Of Lambton,,Municipal,Home with approximately 126 beds,No,Yes,Yes,No,No,,(519) 336-3720
North East, MR PAUL BELAIR  ,The Ontario-finnish Resthome Association,,Non-Profit,Home with approximately 63 beds,Yes,Yes,Yes,No,No,,(705) 945-9987
,,,,,,,,,,,,
Toronto Central, JULIE MUSIC  ,Schlegel Villages Inc,,For-Profit,Home with approximately 77 beds,No,Yes,Yes,Yes,No,,(416) 533-5198
Mississauga Halton, MS. LISA ROMANIELLO  ,The Credit Valley Hospital & Trillium Health Cntr,Extendicare (Canada) Inc.,Non-Profit,Home with approximately 21 beds,No,Yes,No,Yes,No,,(416) 259-2573
South West, MS TANYA POL  ,The Women's Christian Association Of London,,Non-Profit,Home with approximately 160 beds,Yes,Yes,Yes,Yes,No,,(519) 432-2648
South West, Bidur Swamy  ,Axr Operating (National) Lp,,For-Profit,Home with approximately 157 beds,No,Yes,Yes,Yes,No,,(519) 672-0500
South West, MS MICHELLE PRIESTER (Acting)  ,Meadow Park (London) Inc.,,For-Profit,Home with approximately 126 beds,Yes,Yes,Yes,Yes,No,,(519) 686-0484
Erie St. Clair, MS ANNE-MARIE RUMBLE  ,Meadow Park (Chatham) Inc.,,For-Profit,Home with approximately 99 beds,Yes,Yes,Yes,Yes,No,,(519) 351-1330
South West, MR PAUL REKTOR  ,Meaford Nursing Home Limited,,For-Profit,Home with approximately 77 beds,Yes,Yes,Yes,Yes,No,,(519) 538-1010
,,,,,,,,,,,,
South West, JAN SHKILNYK  ,Middlesex Terrace Limited,Apans Health Services,For-Profit,Home with approximately 105 beds,No,Yes,Yes,Yes,No,,(519) 652-3483
Central East, MS LORA MONACO  ,2063414 Ontario Limited As General Partner Of 2063414 Investment Lp,,For-Profit,Home with approximately 299 beds,Yes,Yes,Yes,Yes,No,,(416) 264-2301
North Simcoe Muskoka, MS. Althea Bess (Interim)  ,Mill Creek Care Centre,,Non-Profit,Home with approximately 160 beds,Yes,Yes,Yes,Yes,No,,(705) 719-6222
Hamilton Niagara Haldimand Brant (Hnhb), Ms Lori Turcotte  ,955464 Ontario Limited,Self-management,For-Profit,Home with approximately 160 beds,No,Yes,Yes,Yes,No,,(905) 356-5005
Champlain, MR MIKE BLACKMORE  ,County Of Renfrew,,Municipal,Home with approximately 166 beds,Yes,Yes,Yes,Yes,No,,(613) 735-0175
Mississauga Halton, MR NOVAK BAJIN  ,Mississauga Long Term Care Facility Inc.,,For-Profit,Home with approximately 55 beds,No,Yes,No,Yes,No,,(905) 278-2213
South West, MS TANYA MACDONALD  ,Ritz Lutheran Villa,,Non-Profit,Home with approximately 48 beds,No,Yes,Yes,No,No,,(519) 348-8861
South East, MR MICHAEL O'KEEFFE  ,Aon Inc.,,For-Profit,Home with approximately 128 beds,No,Yes,Yes,Yes,No,,(613) 478-5524
,,,,,,,,,,,,
Central, MS SHERRY LI  ,Mon Sheong Foundation,,Non-Profit,Home with approximately 192 beds,Yes,Yes,Yes,No,No,,(905) 883-9288
Central East, MS STELLA LEUNG  ,Mon Sheong Foundation,,Non-Profit,Home with approximately 160 beds,Yes,Yes,Yes,No,No,,(416) 291-3898
Champlain, MS KELLY BOISCLAIR  ,Revera Long Term Care Inc.,,For-Profit,Home with approximately 128 beds,No,Yes,Yes,Yes,Yes,,(613) 746-8602
Waterloo Wellington, MS KAREN BOLGER  ,Retirement Home Specialists Incorporated,,For-Profit,Home with approximately 28 beds,No,Yes,No,No,No,,(519) 822-9179
South West, MR.ANDREW ADAMYK  ,"St. Joseph's Health Care, London",,Non-Profit,Home with approximately 177 beds,Yes,Yes,Yes,Yes,No,,(519) 646-6000
Hamilton Niagara Haldimand Brant (Hnhb), Ms Karen Edge  ,Canadian Reformed Society For A Home For The Aged Inc.,,Non-Profit,Home with approximately 61 beds,No,Yes,Yes,Yes,No,,(905) 335-3636
North Simcoe Muskoka, MS PAMM REAIN  ,Huntsville Long Term Care Centre Inc.,,For-Profit,Home with approximately 94 beds,Yes,Yes,Yes,Yes,No,,(705) 788-7713
North Simcoe Muskoka, MS ANGELA COUTTS  ,2063412 Ontario Limited As General Partner Of 2063412 Investment Lp,,For-Profit,Home with approximately 183 beds,No,Yes,Yes,Yes,No,,(705) 687-3444
Hamilton Niagara Haldimand Brant (Hnhb), MS DEBBIE SMITH  ,Niagara Health System,,Non-Profit,Home with approximately 115 beds,No,Yes,No,Yes,No,,(905) 732-6111
,,,,,,,,,,,,
North West, Ms Jacqueline Dorval  ,Nipigon District Memorial Hospital,,Non-Profit,Home with approximately 15 beds,No,Yes,No,Yes,No,,(807) 887-3026
North East, MR WENTWORTH GRAHAM  ,1895357 Ontario Inc.,,For-Profit,Home with approximately 120 beds,No,Yes,Yes,Yes,No,,(705) 752-1100
,,,,,,,,,,,,
,,,,,,,,,,,,
Central, Gajany Sivalingam  ,2063414 Ontario Limited As General Partner Of 2063414 Investment Lp,,For-Profit,Home with approximately 160 beds,No,Yes,Yes,Yes,No,,(416) 623-1120
,,,,,,,,,,,,
Erie St. Clair, MR DAVE GROOTJEN  ,The Corporation Of The County Of Lambton,,Municipal,Home with approximately 88 beds,No,Yes,Yes,No,No,,(519) 786-2151
Central, MS NATASHA MURRAY  ,North Park Nursing Home Limited,Assured Care Consulting Inc.,For-Profit,Home with approximately 75 beds,No,Yes,Yes,Yes,No,,(416) 247-0531
,,,,,,,,,,,,
North East, MR RALPH BARKER  ,North Shore Health Network,,Non-Profit,Home with approximately 10 beds,No,Yes,No,Yes,No,,(705) 356-2265
North East, MR RALPH BARKER  ,North Shore Health Network,,Non-Profit,Home with approximately 22 beds,No,Yes,Yes,Yes,No,,(705) 356-2265
Hamilton Niagara Haldimand Brant (Hnhb), MS GAIL GILL  ,The Regional Municipality Of Niagara,,Municipal,Home with approximately 151 beds,No,Yes,No,Yes,No,,(905) 835-9335
Mississauga Halton, MS LESLEY HARRIS  ,Axr Operating (National) Lp,,For-Profit,Home with approximately 133 beds,No,Yes,Yes,Yes,No,,(905) 257-9882
South West, ERNIE HARRIS (Interim)  ,Craigwiel Gardens,,Non-Profit,Home with approximately 83 beds,Yes,Yes,Yes,No,No,stutti@craigwielgardens.on.ca   ,(519) 293-3215
Central East, Mr Adam Kertesz  ,Craiglee Nursing Home Limited,Extendicare (Canada) Inc.,For-Profit,Home with approximately 169 beds,No,Yes,Yes,Yes,No,,(416) 264-2000
North Simcoe Muskoka, Ms. Sadie Friesner  ,2063412 Ontario Limited As General Partner Of 2063412 Investment Lp,,For-Profit,Home with approximately 95 beds,No,Yes,Yes,Yes,No,,(705) 466-3437
Hamilton Niagara Haldimand Brant (Hnhb), MS Lorianne Ledwez  ,The Regional Municipality Of Halton,,Municipal,Home with approximately 144 beds,No,Yes,Yes,Yes,No,,(905) 825-6000
Hamilton Niagara Haldimand Brant (Hnhb), MRS ROSEMARY TURNER  ,955464 Ontario Limited,,For-Profit,Home with approximately 68 beds,Yes,Yes,Yes,Yes,No,,(905) 871-8330
South East, MS SANDRA HONEY  ,Crown Ridge Health Care Services Inc.,,For-Profit,Home with approximately 116 beds,Yes,Yes,Yes,Yes,No,,(613) 392-1289
Central, Hao Chau  ,Toronto Long-term Care Homes And Services,,Municipal,Home with approximately 391 beds,Yes,Yes,Yes,Yes,No,,(416) 392-9500
South West, LESLIE HANCOCK  ,The Corporation Of The City Of London,,Municipal,Home with approximately 243 beds,Yes,Yes,Yes,Yes,No,"Datars Bere, Dearness Home Managing Director ",(519) 661-0400
Hamilton Niagara Haldimand Brant (Hnhb), MS KAREN POW  ,The Regional Municipality Of Niagara,,Municipal,Home with approximately 39 beds,No,Yes,No,Yes,No,,(905) 945-4164
Central West, MS LORA MONACO  ,2063414 Ontario Limited As General Partner Of 2063414 Investment Lp,,For-Profit,Home with approximately 160 beds,No,Yes,Yes,Yes,No,,(416) 213-7300
Hamilton Niagara Haldimand Brant (Hnhb), Ms Debbie Cornell  ,Delhi Nursing Home Ltd.,,For-Profit,Home with approximately 60 beds,No,Yes,No,Yes,No,,(519) 582-3400
Waterloo Wellington, MS PAMELA DERBECKER  ,Derbecker's Heritage House Limited,,For-Profit,Home with approximately 73 beds,No,Yes,No,No,No,,(519) 664-2921
Mississauga Halton, MS JOLANTA LINDE  ,Slovenian Linden Foundation,,Non-Profit,Home with approximately 66 beds,No,Yes,No,No,No,,(416) 621-3820
Hamilton Niagara Haldimand Brant (Hnhb), Ms Ada DiFlavio  ,The Regional Municipality Of Niagara,,Municipal,Home with approximately 120 beds,Yes,Yes,Yes,Yes,No,,(905) 714-7428
Hamilton Niagara Haldimand Brant (Hnhb), Ms Pauline Robinson  ,Dover Cliffs Operating Inc.,,For-Profit,Home with approximately 70 beds,Yes,Yes,Yes,Yes,No,,(519) 583-1422
Central, MR ROBERT SCOTT  ,Gem Health Care Group Limited,Humber River Hospital,For-Profit,Home with approximately 252 beds,Yes,Yes,Yes,Yes,No,,(416) 633-3431
Central West, MS. BRENDA WAGNER  ,Corporation Of The County Of Dufferin,,Municipal,Home with approximately 160 beds,No,Yes,Yes,No,No,,(519) 925-2140
Champlain, MS SUSAN POIRIER  ,Rural Healthcare Innovations Inc.,Winchester District Memorial Hospital,Non-Profit,Home with approximately 98 beds,No,Yes,Yes,Yes,No,,(613) 774-2293
Hamilton Niagara Haldimand Brant (Hnhb), Mr Danny Pereira  ,Rykka Care Centres Lp,,For-Profit,Home with approximately 201 beds,Yes,Yes,Yes,Yes,No,,(905) 523-6427
South East, MRS ANITA GARLAND  ,Keay Nursing Homes Inc.,,For-Profit,Home with approximately 57 beds,Yes,Yes,No,Yes,No,,(613) 966-7717
Central, MRS DIANE T. BRUNELLE-MARLEAU  ,Revera Long Term Care Inc.,,For-Profit,Home with approximately 70 beds,No,Yes,Yes,Yes,No,,(905) 895-5187
South West, ROB BISSONNETTE  ,Sharon Farms & Enterprises Limited,Responsive Health Management Inc.,For-Profit,Home with approximately 128 beds,No,Yes,Yes,Yes,No,,(519) 601-5088
North East, Ms Odelia Callery  ,East District Of Parry Sound Home For The Aged,,Municipal,Home with approximately 128 beds,No,Yes,Yes,No,No,,(705) 724-2005
Mississauga Halton, MS EVELYN MACDONALD  ,Rykka Care Centres Lp,,For-Profit,Home with approximately 247 beds,No,Yes,Yes,Yes,No,,(416) 621-8000
Waterloo Wellington, MS SHELLEY NICOL  ,Eden House Care Facility Inc.,Assured Care Consulting Inc.,For-Profit,Home with approximately 59 beds,No,Yes,Yes,Yes,No,,(519) 856-4622
Hamilton Niagara Haldimand Brant (Hnhb), MR. GREG ALLEN  ,Haldimand War Memorial Hospital,,Non-Profit,Home with approximately 64 beds,No,Yes,Yes,Yes,No,,(905) 774-2503
Central East, Ms Sarah Rooney  ,Estonian Relief Committee In Canada,,Non-Profit,Home with approximately 32 beds,No,Yes,Yes,No,No,,(416) 284-0813
South West, MS BRENDA DENT  ,Capricorn Investments Corporation Limited,Extendicare (Canada) Inc.,For-Profit,Home with approximately 27 beds,No,Yes,No,Yes,No,,(519) 363-3195
South West, MS TERRI BENWELL  ,The Corporation Of The County Of Elgin Municipal Homes,,Municipal,Home with approximately 90 beds,Yes,Yes,Yes,No,No,,(519) 631-0620
Central, MS LAURA POWELL  ,Axr Operating (National) Lp,,For-Profit,Home with approximately 124 beds,Yes,Yes,Yes,Yes,No,,(905) 737-0858
Champlain, MS CHANTALE CAMERON  ,Bruyère Continuing Care Inc.,,Non-Profit,Home with approximately 71 beds,No,Yes,Yes,Yes,No,,(613) 562-6262
North East, MS STEPHANIE ZAKROCKI  ,Valley East Long Term Care Centre Inc.,,For-Profit,Home with approximately 128 beds,Yes,Yes,Yes,Yes,No,,(705) 897-7695
Toronto Central, MR SANDRO PERCIAMONTANI  ,Elm Grove Living Centre Inc.,,For-Profit,Home with approximately 126 beds,No,Yes,No,Yes,No,,(416) 537-2465
South West, MS LISA MAYNARD  ,Revera Long Term Care Inc.,,For-Profit,Home with approximately 78 beds,No,Yes,Yes,Yes,No,,(519) 433-7259
North West, MS EMILY BOSMA  ,Riverside Health Care Facilities Inc.,,Non-Profit,Home with approximately 12 beds,No,Yes,No,Yes,No,,(807) 274-3261
Mississauga Halton, SUTHA VINAYAGA  ,Schlegel Villages Inc.,,For-Profit,Home with approximately 86 beds,No,Yes,Yes,Yes,No,,(905) 823-7273
South West, LEANNE HAYNES  ,"Cvh (No. 8) Lp By Its General Partners, Southbridge Health Care Gp Inc. And Southbridge Care Homes (A Limited Partnership, By Its General Partner, Southbridge Care Homes Inc.)",,For-Profit,Home with approximately 60 beds,Yes,Yes,Yes,Yes,No,,(519) 599-2737
North East, MS NICOLE HALEY  ,Espanola General Hospital,,Non-Profit,Home with approximately 30 beds,No,Yes,Yes,Yes,No,,(705) 869-1420
North East, MS NICOLE HALEY  ,Espanola General Hospital,,Non-Profit,Home with approximately 32 beds,No,Yes,Yes,Yes,No,,(705) 869-1420
South West, MS ERIKA KING  ,Atk Care Inc.,,For-Profit,Home with approximately 47 beds,Yes,Yes,No,Yes,No,,(519) 235-1581
Central, MS DANIELLE ZHANG  ,Extendicare (Canada) Inc.,,For-Profit,Home with approximately 205 beds,Yes,Yes,Yes,Yes,No,,(416) 226-1331
Central West, MS HANNAH OKSEMBERG  ,Extendicare (Canada) Inc.,,For-Profit,Home with approximately 150 beds,No,Yes,Yes,Yes,No,,(905) 456-4200
Central East, MR ALLAN MYLES  ,Extendicare (Canada) Inc.,,For-Profit,Home with approximately 69 beds,No,Yes,Yes,Yes,No,,(905) 372-0377
North East, MS. LAURA HALLORAN  ,Extendicare (Canada) Inc.,,For-Profit,Home with approximately 234 beds,Yes,Yes,Yes,Yes,No,,(705) 566-7980
Central East, Ms Deslyn Willock  ,Extendicare (Canada) Inc.,,For-Profit,Home with approximately 169 beds,Yes,Yes,Yes,Yes,No,,(416) 266-7711
Central East, MR NIK CHANDRABALAN  ,Extendicare (Canada) Inc.,,For-Profit,Home with approximately 60 beds,No,Yes,Yes,Yes,No,,(705) 457-1722
Mississauga Halton, MS EMILY BOSMA  ,Extendicare (Canada) Inc.,,For-Profit,Home with approximately 130 beds,No,Yes,Yes,Yes,No,,(905) 702-8760
Hamilton Niagara Haldimand Brant (Hnhb), MS PILAR HENDERSON  ,Extendicare (Canada) Inc.,,For-Profit,Home with approximately 160 beds,No,Yes,Yes,Yes,No,,(905) 318-4472
North East, MS CLAUDETTE BROUZES  ,Extendicare (Canada) Inc.,,For-Profit,Home with approximately 61 beds,Yes,Yes,Yes,Yes,Yes,,(705) 335-8337
Central East, MS NANCY ROONEY  ,Extendicare (Canada) Inc.,,For-Profit,Home with approximately 64 beds,No,Yes,No,Yes,No,,(705) 878-5392
South East, MS TAWNIA PILGRIM  ,Extendicare (Canada) Inc.,,For-Profit,Home with approximately 150 beds,No,Yes,Yes,Yes,No,,(613) 549-5010
North East, MS JENNIFER KASNER  ,Extendicare (Canada) Inc.,,For-Profit,Home with approximately 100 beds,Yes,Yes,Yes,Yes,No,,(705) 567-3268
Central East, MS DAWN BALDWIN  ,Extendicare (Canada) Inc.,,For-Profit,Home with approximately 100 beds,Yes,Yes,Yes,Yes,No,,(705) 652-7112
Champlain, MR CHRIS SMITH  ,New Orchard Lodge Limited [a Subsidiary Of Extendicare (Canada) Inc.],The Ottawa Hospital,For-Profit,Home with approximately 242 beds,No,Yes,Yes,Yes,No,"Name: Cameron Love
Position: President & CEO
1053 Carling Avenue
Ottawa ON K1Y 4E9
Phone:
E-mail: clove@toh.ca",(613) 741-5122
South West, MR ABE MOHARRAM  ,Extendicare Toronto Inc. [a Subsidiary Of Extendicare (Canada) Inc.],,For-Profit,Home with approximately 170 beds,Yes,Yes,Yes,Yes,No,,(519) 433-6658
North East, MS MARVA GRIFFITHS  ,Extendicare (Canada) Inc.,,For-Profit,Home with approximately 256 beds,No,Yes,Yes,Yes,No,,rue
Champlain, MS. TINA NAULT  ,Extendicare Northeastern Ontario Inc. [a Subsidiary Of Extendicare (Canada) Inc.],,For-Profit,Home with approximately 193 beds,No,Yes,No,Yes,No,,(613) 225-5650
Mississauga Halton, MS. ISHRANI KUNJI  ,Extendicare (Canada) Inc.,,For-Profit,Home with approximately 140 beds,No,Yes,Yes,Yes,No,,(905) 696-0719
Champlain, MR CLAYTON DONNELY  ,New Orchard Lodge Limited [a Subsidiary Of Extendicare (Canada) Inc.],,For-Profit,Home with approximately 111 beds,No,Yes,No,Yes,No,,(613) 820-2110
Central East, MS DEBORAH WOODS  ,Extendicare Central Ontario Inc. [a Subsidiary Of Extendicare (Canada) Inc.],,For-Profit,Home with approximately 175 beds,Yes,Yes,Yes,Yes,No,,(905) 579-0011
Central East, MR BILL THURLOW  ,Extendicare Central Ontario Inc. [a Subsidiary Of Extendicare (Canada) Inc.],,For-Profit,Home with approximately 174 beds,Yes,Yes,Yes,Yes,No,,(705) 743-7552
Central East, MR JEFF DONOVAN  ,Extendicare (Canada) Inc.,,For-Profit,Home with approximately 128 beds,No,Yes,Yes,Yes,No,,(905) 885-1266
South West, MS LYNSEY MCINTYRE  ,Extendicare Southwestern Ontario Inc. [a Subsidiary Of Extendicare (Canada) Inc.],,For-Profit,Home with approximately 60 beds,Yes,Yes,Yes,Yes,No,,(519) 782-3339
Central East, Ms Jessica Lauri  ,Extendicare (Canada) Inc.,,For-Profit,Home with approximately 192 beds,Yes,Yes,Yes,Yes,No,,(416) 282-6768
Central East, MS PINKY VIRDI  ,Extendicare Toronto Inc. [a Subsidiary Of Extendicare (Canada) Inc.],,For-Profit,Home with approximately 154 beds,Yes,Yes,Yes,Yes,No,,(416) 439-1243
Erie St. Clair, MS SUE ETHIER  ,Extendicare (Canada) Inc.,,For-Profit,Home with approximately 150 beds,No,Yes,Yes,Yes,No,,(519) 945-7249
Hamilton Niagara Haldimand Brant (Hnhb), MS JANE FREEMAN  ,Extendicare Southwestern Ontario Inc. [a Subsidiary Of Extendicare (Canada) Inc.],,For-Profit,Home with approximately 153 beds,No,Yes,Yes,Yes,No,,(905) 688-3311
Champlain, MS SUE MACGREGOR  ,Extendicare Northeastern Ontario Inc. [a Subsidiary Of Extendicare (Canada) Inc.],,For-Profit,Home with approximately 192 beds,No,Yes,Yes,Yes,No,,(613) 224-3960
Erie St. Clair, MR. TOM WILSON  ,Extendicare (Canada) Inc.,,For-Profit,Home with approximately 128 beds,No,Yes,Yes,Yes,No,,(519) 739-2998
North East, MRS KELLY ROY  ,Extendicare Northwestern Ontario Inc. [a Subsidiary Of Extendicare (Canada) Inc.],,For-Profit,Home with approximately 121 beds,No,Yes,Yes,Yes,Yes,,(705) 531-3322
North East, MS CAROL JOHNSON  ,Extendicare Northeastern Ontario Inc. [a Subsidiary Of Extendicare (Canada) Inc.],,For-Profit,Home with approximately 60 beds,Yes,Yes,Yes,Yes,No,,(705) 672-2151
North East, MS MARY DESCHENE  ,New Orchard Lodge Limited [a Subsidiary Of Extendicare (Canada) Inc.],,For-Profit,Home with approximately 100 beds,Yes,Yes,Yes,Yes,No,,(705) 949-7934
Champlain, Mr Clayton Donnelly  ,New Orchard Lodge Limited [a Subsidiary Of Extendicare (Canada) Inc.],The Ottawa Hospital,For-Profit,Home with approximately 242 beds,No,Yes,Yes,Yes,No,"Name: Cameron Love
Position: President & CEO
1053 Carling Avenue
Ottawa ON K1Y 4E9
Phone:
E-mail: clove@toh.ca",(613) 829-3501
North East, MS TRACY LAMIRANDE  ,Extendicare Northwestern Ontario Inc. [a Subsidiary Of Extendicare (Canada) Inc.],,For-Profit,Home with approximately 288 beds,Yes,Yes,Yes,Yes,No,,(705) 674-4221
North East, Fran Conley  ,F. J. Davey Home,,Non-Profit,Home with approximately 374 beds,No,Yes,Yes,Yes,No,,(705) 942-2204
Erie St. Clair, MS TRACEY MAXIM  ,"Lapointe-fisher Nursing Home, Limited",,For-Profit,Home with approximately 99 beds,No,Yes,No,No,No,,(519) 627-1663
Central East, MR LIONEL TOWNS  ,City And County Of Peterborough,,Municipal,Home with approximately 256 beds,Yes,Yes,Yes,Yes,No,,(705) 743-4265
South East, MS SUSAN BRANT  ,The Corporation Of The County Of Frontenac,,Municipal,Home with approximately 128 beds,No,Yes,No,Yes,No,,(613) 546-4264
North Simcoe Muskoka, Ms Helen Eby  ,Huntsville District Nursing Home Inc.,,Non-Profit,Home with approximately 76 beds,No,Yes,Yes,Yes,No,,(705) 789-6011
Central East, Mr John Rankin  ,Regional Municipality Of Durham,,Municipal,Home with approximately 198 beds,No,Yes,Yes,Yes,No,,(905) 668-5851
Champlain, Ms Mary Wilson Trider  ,Almonte General Hospital,,Non-Profit,Home with approximately 112 beds,Yes,Yes,Yes,Yes,No,,(613) 256-2414
,,,,,,,,,,,,
Toronto Central, MR SAURABH BHATNAGAR  ,Fairview Nursing Home Limited,Specialty Care Inc.,For-Profit,Home with approximately 108 beds,No,Yes,Yes,Yes,No,,(416) 534-8829
Central West, Ms Aleksandra Grzeszczuk  ,Holland Christian Homes Inc.,,Non-Profit,Home with approximately 120 beds,No,Yes,Yes,Yes,No,,(905) 459-3333
Central East, MS CHRISTINE KEENAN  ,Axr Operating (National) Lp,,For-Profit,Home with approximately 67 beds,No,Yes,Yes,Yes,No,,(705) 887-2100
Erie St. Clair, MR MICHAEL FIDDICK  ,Fiddick's Nursing Home Limited,,For-Profit,Home with approximately 92 beds,No,Yes,Yes,Yes,No,,(519) 882-0370
Central East, Umang Khare  ,2063414 Ontario Limited As General Partner Of 2063414 Investment Lp,,For-Profit,Home with approximately 224 beds,Yes,Yes,Yes,Yes,No,,(416) 291-0222
North East, MS ANGELA PATRICK  ,Finlandia Nursing Home Limited,,For-Profit,Home with approximately 112 beds,Yes,Yes,Yes,Yes,No,,(705) 524-3137
Waterloo Wellington, MR SCOTT MUMBERSON  ,Revera Long Term Care Inc.,,For-Profit,Home with approximately 240 beds,Yes,Yes,Yes,Yes,No,,(519) 576-3320
Champlain, Ms Susan Bell  ,0760444 B.C. Ltd. As General Partner On Behalf Of Omni Health Care Limited Partnership,,For-Profit,Home with approximately 160 beds,No,Yes,Yes,Yes,No,,(613) 599-1991
Central East, MS CHARLENE SMITH  ,Revera Long Term Care Inc.,,For-Profit,Home with approximately 88 beds,Yes,Yes,Yes,Yes,No,,(905) 987-4702
Toronto Central, MR GARRY BUTT  ,2063414 Ontario Limited As General Partner Of 2063414 Investment Lp,,For-Profit,Home with approximately 158 beds,No,Yes,Yes,Yes,No,,(416) 285-2000
Hamilton Niagara Haldimand Brant (Hnhb), MS TAMMY SMITH  ,2063414 Ontario Limited As General Partner Of 2063414 Investment Lp,,For-Profit,Home with approximately 122 beds,No,Yes,Yes,Yes,No,,(519) 759-4666
North East, MS JOELLE LACROIX  ,Foyer Hearst - Mattice - Soins De Sante,,Non-Profit,Home with approximately 67 beds,Yes,Yes,Yes,No,No,,(705) 362-7086
,,,,,,,,,,,,
Champlain, MR BENOIT MARLEAU  ,Genesis Gardens Inc.,,For-Profit,Home with approximately 57 beds,No,Yes,Yes,Yes,No,,(613) 443-5751
Erie St. Clair, MS STACEY VAILLANCOURT  ,"Dtoc Long Term Care Lp, By Its General Partner, Dtoc Long Term Care Mgp (A General Partnership) By Its Partners, Dtoc Long Term Care Gp Inc. And Arch Venture Holdings Inc.",Universalcare Canada Inc.,For-Profit,Home with approximately 120 beds,No,Yes,Yes,Yes,No,,(519) 326-3289
South East, MS DEBBIE LONG  ,Manorcare Partners Ii,Eldercare Management & Consulting Corp.,For-Profit,Home with approximately 60 beds,No,Yes,No,Yes,No,,(613) 396-3438
Central East, DONEATH STEWART  ,0760444 B.C. Ltd. As General Partner On Behalf Of Omni Health Care Limited Partnership,,For-Profit,Home with approximately 62 beds,No,Yes,Yes,Yes,No,,(705) 324-8333
Toronto Central, MS NANCY LEW  ,Toronto Long-term Care Homes And Services,,Municipal,Home with approximately 250 beds,Yes,Yes,Yes,Yes,No,,(416) 392-5252
Hamilton Niagara Haldimand Brant (Hnhb), MR. MATHEW STICCA  ,Revera Long Term Care Inc.,,For-Profit,Home with approximately 200 beds,No,Yes,Yes,Yes,No,,(905) 934-3321
Toronto Central, MS DEANA BENNETT  ,Shaparrall Limited,,For-Profit,Home with approximately 45 beds,No,Yes,Yes,No,No,,(416) 259-6172
Champlain, MS. CHRISTINE SCHYF  ,0760444 B.C. Ltd. As General Partner On Behalf Of Omni Health Care Limited Partnership,,For-Profit,Home with approximately 160 beds,Yes,Yes,Yes,Yes,No,,(613) 254-9702
Hamilton Niagara Haldimand Brant (Hnhb), MS MARA DI BIASE  ,Parkview Meadows Christian Retirement Village,,Non-Profit,Home with approximately 64 beds,No,Yes,Yes,No,No,,(519) 587-2448
Champlain, MS MARY ZION  ,City Of Ottawa,,Municipal,Home with approximately 180 beds,No,Yes,Yes,Yes,No,,(613) 789-5100
South West, Ms Megan Garland  ,Corporation Of The County Of Bruce,,Municipal,Home with approximately 100 beds,No,Yes,Yes,No,No,,(519) 538-1113
South West, Ms Athena Aird  ,Grosvenor Health Care Partnership (No. 3),Revera Long Term Care Inc.,For-Profit,Home with approximately 40 beds,No,Yes,Yes,Yes,No,,(519) 371-1441
North Simcoe Muskoka, MS SHERRY BELL  ,Corporation Of The County Of Simcoe,,Municipal,Home with approximately 143 beds,Yes,Yes,Yes,Yes,No,,(705) 549-3166
North West, MS LUCY BONANNO  ,Geraldton District Hospital,,Non-Profit,Home with approximately 19 beds,No,Yes,Yes,Yes,Yes,,(807) 854-1862
Hamilton Niagara Haldimand Brant (Hnhb), MS BETH PLATO-GILES  ,The Regional Municipality Of Niagara,,Municipal,Home with approximately 80 beds,No,Yes,Yes,Yes,No,,(905) 871-6160
Champlain, MR LAWRENCE GRANT  ,The Glebe Centre Incorporated,,Non-Profit,Home with approximately 254 beds,No,Yes,Yes,Yes,No,,(613) 238-2727
Central East, VANDA COZIER  ,Glen Hill Terrace Christian Homes Inc.,,Non-Profit,Home with approximately 60 beds,No,Yes,No,Yes,No,,(905) 623-5731
Central East, MS MICHELLE STROUD  ,Glen Hill Terrace Christian Homes Inc.,,Non-Profit,Home with approximately 199 beds,Yes,Yes,No,Yes,No,,(905) 623-2553
Champlain, MR STEVEN GOLDEN  ,The Corporation Of The City Of Cornwall,,Municipal,Home with approximately 132 beds,Yes,Yes,Yes,Yes,No,,(613) 933-3384
South West, Jeri Moon  ,Golden Dawn Senior Citizen Home,,Non-Profit,Home with approximately 45 beds,No,Yes,Yes,No,No,,(519) 793-3433
North East, MS CAROL HALT  ,Corporation Of The City Of Timmins,,Municipal,Home with approximately 177 beds,Yes,Yes,Yes,Yes,No,,(705) 360-2644
Central East, Ms William Detlor  ,The Corporation Of The County Of Northumberland,,Municipal,Home with approximately 151 beds,No,Yes,Yes,Yes,No,,(905) 372-8759
Waterloo Wellington, MR PAUL REKTOR  ,Golden Years Nursing Homes (Cambridge) Inc.,,For-Profit,Home with approximately 90 beds,No,Yes,Yes,No,No,,(519) 653-5493
Central, MS DEIRDRE BRITTON  ,Clurelea Ltd.,,For-Profit,Home with approximately 64 beds,No,Yes,No,Yes,No,,(705) 435-5722
Central West, Ms Jessica Radon  ,Holland Christian Homes Inc.,,Non-Profit,Home with approximately 120 beds,No,Yes,Yes,Yes,No,,(905) 463-7002
Hamilton Niagara Haldimand Brant (Hnhb), Ms Janette West  ,Grace Villa Limited,Apans Health Services,For-Profit,Home with approximately 184 beds,No,Yes,No,Yes,No,,(905) 387-4812
Hamilton Niagara Haldimand Brant (Hnhb), MS JENNIFER JACOBS  ,The Corporation Of Haldimand County,,Municipal,Home with approximately 128 beds,No,Yes,Yes,Yes,No,,(905) 774-7548
Champlain, MS JENNIFER POWLEY  ,Specialty Care Ottawa Inc.,,For-Profit,Home with approximately 224 beds,No,Yes,Yes,Yes,No,,(613) 831-5701
,,,,,,,,,,,,
South West, MS SHANNON COX  ,Corporation Of The County Of Grey,,Municipal,Home with approximately 66 beds,No,Yes,Yes,No,No,,(519) 986-3010
North Simcoe Muskoka, MR PAUL TAYLOR  ,Grove Park Home For Senior Citizens,,Non-Profit,Home with approximately 143 beds,No,Yes,No,Yes,No,,(705) 726-1003
Champlain, MS DONNA PINKHAM  ,Gem Health Care Group Limited,,For-Profit,Home with approximately 90 beds,Yes,Yes,Yes,Yes,No,,(613) 432-5823
South East, MS NATASHA WILLIAMS (Acting)  ,County Of Prince Edward,,Municipal,Home with approximately 84 beds,No,Yes,Yes,Yes,No,,(613) 476-2138
South East, MS LEANNE WEIR  ,Revera Long Term Care Inc.,,For-Profit,Home with approximately 97 beds,No,Yes,Yes,Yes,No,,(613) 476-4444
Hamilton Niagara Haldimand Brant (Hnhb), MS KELLY YOUNGER  ,Schlegel Villages Inc.,,For-Profit,Home with approximately 64 beds,No,Yes,No,Yes,No,,(905) 527-1482
Hamilton Niagara Haldimand Brant (Hnhb), MS KAREN VERHAEGHE  ,Unger Nursing Homes Limited,,For-Profit,Home with approximately 101 beds,No,Yes,Yes,Yes,No,,(905) 631-0700
South West, MS BRENDA WEPPLER  ,Hanover Nursing Home Limited,,For-Profit,Home with approximately 41 beds,No,Yes,No,No,No,,(519) 364-3700
Hamilton Niagara Haldimand Brant (Hnhb), Ms Stephanie Galambos  ,"Diversicare Canada Management Services Co., Inc.",,For-Profit,Home with approximately 101 beds,Yes,Yes,Yes,Yes,No,,(519) 484-2431
Toronto Central, MS VILMA BUGARIN  ,2063414 Ontario Limited As General Partner Of 2063414 Investment Lp,,For-Profit,Home with approximately 160 beds,No,Yes,Yes,Yes,No,,(416) 285-1411
Central, MS CHRISTINE LANGTON  ,Harold And Grace Baker Centre,Revera Long Term Care Inc.,Non-Profit,Home with approximately 120 beds,No,Yes,Yes,Yes,No,,(416) 654-2889
South East, MS KATHY PLUNKETT  ,The Corporation Of The County Of Hastings,,Municipal,Home with approximately 110 beds,Yes,Yes,Yes,Yes,No,,(613) 332-2070
South East, MS DEBBIE ROLLINS  ,The Corporation Of The County Of Hastings,,Municipal,Home with approximately 253 beds,Yes,Yes,Yes,Yes,No,,(613) 968-6467
Central West, Ms Lynne Colman  ,2063414 Ontario Limited As General Partner Of 2063414 Investment Lp,,For-Profit,Home with approximately 160 beds,No,Yes,Yes,Yes,No,,(905) 799-7502
Central, Ms Michelle Sattler  ,Rykka Care Centres Lp,,For-Profit,Home with approximately 269 beds,Yes,Yes,Yes,Yes,No,,(416) 745-0811
Champlain, MR MONTY DOMINGO  ,Heartwood Operating Inc.,,For-Profit,Home with approximately 118 beds,No,Yes,Yes,Yes,No,,(613) 933-7420
Hamilton Niagara Haldimand Brant (Hnhb), MRS ELENA CADDIS  ,"Benevolent Society ""heidehof"" For The Care Of The Aged",,Non-Profit,Home with approximately 106 beds,No,Yes,No,No,No,,(905) 935-3344
South East, MS LISA GIBSON  ,Gibson Holdings (Ontario) Ltd.,,For-Profit,Home with approximately 104 beds,No,Yes,Yes,Yes,No,,(613) 384-4585
Toronto Central, MR NICHOLAS GEORGANTONIS  ,Hellenic Care For Seniors (Toronto) Inc.,,Non-Profit,Home with approximately 81 beds,No,Yes,No,Yes,No,,(416) 654-7700
Central East, MS POLI PERGANTIS  ,Hellenic Home For The Aged Inc.,,Non-Profit,Home with approximately 128 beds,Yes,Yes,Yes,Yes,No,,(416) 654-7718
South West, MS KELLY KUMMERFIELD  ,Henley Place Limited,Primacare Living Solutions Inc.,For-Profit,Home with approximately 192 beds,No,Yes,Yes,Yes,No,,(416) 243-9019
Hamilton Niagara Haldimand Brant (Hnhb), MR. SCOTT KOZACHENKO  ,Heritage Green Nursing Home,,Non-Profit,Home with approximately 167 beds,No,Yes,Yes,Yes,No,,(905) 573-7177
Erie St. Clair, MS AMY SWORIK  ,S & R Nursing Homes Ltd.,,For-Profit,Home with approximately 140 beds,No,Yes,No,Yes,No,,(519) 979-6730
,,,,,,,,,,,,
North Simcoe Muskoka, MR JOHNATHON ENS  ,Hillcrest Village Inc.,,For-Profit,Home with approximately 164 beds,No,Yes,Yes,Yes,No,,(705) 526-3781
,,,,,,,,,,,,
Central East, MS GINA PERAGINE  ,Regional Municipality Of Durham,,Municipal,Home with approximately 300 beds,No,Yes,Yes,Yes,No,,(905) 579-1777
Central East, MR JOHN RANKIN  ,Regional Municipality Of Durham,,Municipal,Home with approximately 200 beds,No,Yes,Yes,Yes,No,,(905) 579-3313
South West, MS TRUDY GIBSON  ,Revera Long Term Care Inc.,,For-Profit,Home with approximately 90 beds,No,Yes,Yes,Yes,No,,(519) 393-5132
South East, MR JIM PARSONS  ,Hilltop Manor Nursing Home,,For-Profit,Home with approximately 60 beds,No,Yes,Yes,No,No,,(613) 269-4707
North West, Ms Janine Black  ,St. Joseph's Care Group,Extendicare (Canada) Inc.,Non-Profit,Home with approximately 543 beds,No,Yes,Yes,Yes,No,,(807) 625-1110
Central East, MS COLLEEN HALEY  ,"Cvh (No. 6) Lp By Its General Partners, Southbridge Health Care Gp Inc. And Southbridge Care Homes (A Limited Partnership, By Its General Partner, Southbridge Care Homes Inc.)",,For-Profit,Home with approximately 97 beds,Yes,Yes,No,Yes,No,,(905) 885-6367
North East, MS HEATHER JAREMY-BERUBE  ,Hornepayne Community Hospital,,Non-Profit,Home with approximately 12 beds,No,No,No,Yes,Yes,,(807) 868-2442
Central West, MS MARJORIE MOSSMAN  ,Humber Valley Terrace Operating Inc.,,For-Profit,Home with approximately 158 beds,No,Yes,Yes,Yes,No,,(416) 746-7466
Erie St. Clair, MS ALINA SIRBU  ,Corporation Of The City Of Windsor,,Municipal,Home with approximately 224 beds,Yes,Yes,No,Yes,No,,(519) 253-6060
South West, MS. ANGELA STEADMAN  ,Corporation Of The County Of Huron,,Municipal,Home with approximately 64 beds,No,Yes,Yes,No,No,,(519) 887-9267
South West, MS CONNIE TOWNSEND  ,Corporation Of The County Of Huron,,Municipal,Home with approximately 120 beds,No,Yes,Yes,No,No,,(519) 482-3451
,,,,,,,,,,,,
Hamilton Niagara Haldimand Brant (Hnhb), Ms Bahar Karimi  ,Idlewyld Manor,,Non-Profit,Home with approximately 192 beds,No,Yes,Yes,Yes,No,,(905) 574-2000
Erie St. Clair, KRYSTAL LABONTE  ,Axr Operating (National) Lp,,For-Profit,Home with approximately 104 beds,No,Yes,Yes,Yes,No,,(519) 776-9482
,,,,,,,,,,,,
,,,,,,,,,,,,
Hamilton Niagara Haldimand Brant (Hnhb), MS KATIE GASPARELLI  ,Six Nations Of The Grand River,Extendicare (Canada) Inc.,Non-Profit,Home with approximately 50 beds,Yes,Yes,Yes,Yes,No,,(519) 445-2224
,,,,,,,,,,,,
Toronto Central, MS OLHA VOVNYSH  ,Ukrainian Home For The Aged,,Non-Profit,Home with approximately 85 beds,No,Yes,Yes,Yes,No,,(416) 239-7364
Hamilton Niagara Haldimand Brant (Hnhb), MS DONNA MICHAELS  ,The John Noble Home,,Municipal,Home with approximately 156 beds,No,Yes,Yes,Yes,No,,(519) 756-2920
Champlain, MS CATHY BURKE  ,Kemptville District Hospital,,Non-Profit,Home with approximately 12 beds,Yes,Yes,Yes,Yes,No,,(613) 258-6133
Central East, GRACE CAMPO  ,Revera Long Term Care Inc.,,For-Profit,Home with approximately 289 beds,Yes,Yes,Yes,Yes,No,,(416) 752-8282
South West, MS TRACIE KLISHT  ,Sharon Farms & Enterprises Limited,,For-Profit,Home with approximately 126 beds,Yes,Yes,Yes,Yes,No,,(519) 455-3910
South East, Ms Melanie Rudd  ,0760444 B.C. Ltd. As General Partner On Behalf Of Omni Health Care Limited Partnership,,For-Profit,Home with approximately 45 beds,No,Yes,Yes,Yes,No,,(613) 476-5671
Hamilton Niagara Haldimand Brant (Hnhb), MS LISA SARGENT BURTON  ,Revera Long Term Care Inc.,,For-Profit,Home with approximately 50 beds,No,Yes,Yes,Yes,No,,(905) 945-9243
Hamilton Niagara Haldimand Brant (Hnhb), MS TRACEY TAIT  ,The Regional Municipality Of Niagara,,Municipal,Home with approximately 121 beds,No,Yes,Yes,Yes,No,,(905) 892-3845
,,,,,,,,,,,,
Central East, MS HEATHER POWER  ,Revera Long Term Care Inc.,,For-Profit,Home with approximately 154 beds,No,Yes,Yes,Yes,No,,(905) 576-5181
Erie St. Clair, MS JENNIFER MIDDLETON  ,"Arch Long Term Care Lp By Its General Partner, Arch Long Term Care Mgp, By Its Partners, Arch Long Term Care Gp Inc. And Arch Capital Management Corporation",Universalcare Canada Inc.,For-Profit,Home with approximately 75 beds,Yes,Yes,Yes,Yes,No,,(519) 682-0243
,,,,,,,,,,,,
Champlain, LORI NORRIS  ,Township Of Osgoode Care Centre,,Non-Profit,Home with approximately 100 beds,Yes,Yes,Yes,No,No,,(613) 821-1034
South East, MR BILL WEAVER  ,Trent Valley Lodge Limited,,For-Profit,Home with approximately 102 beds,No,Yes,Yes,Yes,No,,(613) 392-9235
South West, Ms Emily Kussmann  ,Revera Long Term Care Inc.,,For-Profit,Home with approximately 40 beds,No,Yes,Yes,Yes,No,,(519) 396-4400
North Simcoe Muskoka, MS TANYA DEVRIES-PORTER  ,Corporation Of The County Of Simcoe,,Municipal,Home with approximately 122 beds,Yes,Yes,Yes,Yes,No,,(705) 325-1504
South East, MS ASHLEY MILLER  ,Specialty Care East Inc.,,For-Profit,Home with approximately 190 beds,Yes,Yes,Yes,Yes,No,,(613) 547-7001
Erie St. Clair, MS KIM VANDAM  ,S & R Nursing Homes Ltd.,,For-Profit,Home with approximately 152 beds,Yes,Yes,No,Yes,No,,(519) 542-5529
Waterloo Wellington, MS DEBBY RIEPERT  ,Lutheran Homes Kitchener-waterloo,,Non-Profit,Home with approximately 150 beds,No,Yes,Yes,Yes,No,,(519) 893-6320
Toronto Central, MS HAO CHAU  ,Toronto Long-term Care Homes And Services,,Municipal,Home with approximately 187 beds,Yes,Yes,Yes,Yes,No,,(416) 397-0400
Champlain, MR VINCENT BARRY LAZORE  ,Mohawk Council Of Akwesasne,,Non-Profit,Home with approximately 50 beds,No,Yes,No,Yes,No,,(613) 932-1409
Hamilton Niagara Haldimand Brant (Hnhb), MS DONNA SPASIC  ,Unger Nursing Homes Limited,,For-Profit,Home with approximately 65 beds,No,Yes,No,Yes,No,,(905) 682-0503
Central West, Ms Catherine Schalk  ,Vigour Limited Partnership On Behalf Of Vigour General Partner Inc.,,For-Profit,Home with approximately 159 beds,Yes,Yes,Yes,Yes,No,,(905) 459-2324
Erie St. Clair, MS CATHY McINTOSH  ,S & R Nursing Homes Ltd.,,For-Profit,Home with approximately 60 beds,No,Yes,Yes,Yes,No,,(519) 542-9845
Waterloo Wellington, MR RALPH LINK  ,Twin Oaks Of Maryhill Inc.,,For-Profit,Home with approximately 31 beds,No,Yes,No,No,No,,(519) 648-2117
Mississauga Halton, MS BELISHA KE  ,Tyndall Nursing Home Limited,,For-Profit,Home with approximately 151 beds,No,Yes,No,Yes,No,,(905) 624-1511
Central, MS SANDY LOMASZEWYCZ  ,St. Demetrius (Ukrainian Catholic) Development Corporation,,Non-Profit,Home with approximately 152 beds,No,Yes,Yes,Yes,No,,(416) 243-7653
,,,,,,,,,,,,
Hamilton Niagara Haldimand Brant (Hnhb), MR WALTER SGUAZZIN  ,United Mennonite Home For The Aged,,Non-Profit,Home with approximately 128 beds,No,Yes,Yes,No,No,,(905) 562-7385
Hamilton Niagara Haldimand Brant (Hnhb), MS MARGARET LAMBERT  ,The Regional Municipality Of Niagara,,Municipal,Home with approximately 80 beds,No,Yes,Yes,Yes,No,,(905) 468-4208
Champlain, MS TRISHA SAMMON  ,Valley Manor Inc.,,Non-Profit,Home with approximately 90 beds,No,Yes,No,Yes,No,,(613) 756-2643
Hamilton Niagara Haldimand Brant (Hnhb), MS CINDY HARBRIDGE  ,955464 Ontario Limited,,For-Profit,Home with approximately 65 beds,Yes,Yes,Yes,Yes,No,,(905) 358-3277
South West, MR MICHAEL CARROLL  ,The Corporation Of The City Of St. Thomas,,Municipal,Home with approximately 136 beds,Yes,Yes,Yes,Yes,No,,(519) 631-1030
Central, MS ELIZABETH BRYCE  ,Advent Health Care Corporation,,Non-Profit,Home with approximately 174 beds,No,Yes,No,No,No,,(416) 398-0555
Central West, MS LIEZLE TRINIDAD  ,Peel Housing Corporation,,Non-Profit,Home with approximately 64 beds,No,Yes,No,Yes,No,,(905) 791-7800
Toronto Central, MS ABIOLA AWOSANYA  ,Vermont Square Ltc Inc. As General Partner Of Vermont Square Ltc Limited Partnership,Responsive Health Management,For-Profit,Home with approximately 130 beds,Yes,Yes,Yes,Yes,No,,(416) 533-9473
Hamilton Niagara Haldimand Brant (Hnhb), MS RANKA STIPANCIC  ,Mirdem Nursing Homes Ltd.,,For-Profit,Home with approximately 76 beds,No,Yes,Yes,Yes,No,,(905) 527-9111
Central East, MS PAMELA KULAS  ,The Corporation Of The City Of Kawartha Lakes,Sienna Senior Living,Municipal,Home with approximately 166 beds,Yes,Yes,Yes,Yes,No,,(705) 324-3558
North Simcoe Muskoka, MR BILL KREVER  ,Victoria Village Inc.,Specialty Care Inc.,Non-Profit,Home with approximately 128 beds,Yes,Yes,Yes,Yes,No,,(705) 728-3456
,,,,,,,,,,,,
Central, Ms Fiorinta Flammia  ,Villa Colombo Seniors Centre (Vaughan) Inc.,Universalcare Canada Inc.,Non-Profit,Home with approximately 160 beds,No,Yes,Yes,Yes,No,,(289) 202-2222
Mississauga Halton, MS CELIA LISI  ,Villa Forum,Chartwell Seniors Housing Reit,Non-Profit,Home with approximately 160 beds,No,Yes,Yes,Yes,No,,(905) 501-1443
Central, Ms Sonia Roul  ,Friuli Long Term Care,Specialty Care Inc.,Non-Profit,Home with approximately 168 beds,Yes,Yes,Yes,Yes,No,,(905) 856-3939
Champlain, MS CATHY CUCCARO  ,Villa Marconi Long Term Care Center,"Diversicare Canada Management Services Co., Inc.",Non-Profit,Home with approximately 128 beds,No,Yes,Yes,Yes,No,,(613) 727-6201
North East, MR PAUL CHATELAIN  ,The Lady Minto Hospital At Cochrane,,Non-Profit,Home with approximately 33 beds,No,Yes,Yes,Yes,Yes,,(705) 272-7200
Erie St. Clair, Mr Jim Eagleton  ,Revera Long Term Care Inc.,,For-Profit,Home with approximately 40 beds,No,Yes,Yes,Yes,No,,(519) 674-5427
Erie St. Clair, MS VIRGINNIA BRIGHT  ,Vision '74 Inc.,,Non-Profit,Home with approximately 146 beds,Yes,Yes,Yes,Yes,No,,(519) 336-6551
Central East, MS LISA ALLANSON  ,"Cvh (No. 6) Lp By Its General Partners, Southbridge Health Care Gp Inc. And Southbridge Care Homes (A Limited Partnership, By Its General Partner, Southbridge Care Homes Inc.)",,For-Profit,Home with approximately 60 beds,Yes,Yes,No,Yes,No,,(705) 924-2311
North East, Mr. Hoss Notarkesh  ,2063414 Ontario Limited As General Partner Of 2063414 Investment Lp,,For-Profit,Home with approximately 148 beds,No,Yes,Yes,Yes,No,,(705) 476-2602
Erie St. Clair, MS TANYA MCGILL  ,Qcc Corp.,,For-Profit,Home with approximately 63 beds,Yes,Yes,Yes,Yes,No,,(519) 876-2520
Toronto Central, MS SUE GRAHAM-NUTTER  ,Drs. Paul And John Rekai Centre,,Non-Profit,Home with approximately 150 beds,Yes,Yes,Yes,Yes,No,,(416) 929-9385
South East, MS JULIE STRESKA  ,"Arch Long Term Care Lp By Its General Partner, Arch Long Term Care Mgp, By Its Partners, Arch Long Term Care Gp Inc. And Arch Capital Management Corporation",Universalcare Canada Inc.,For-Profit,Home with approximately 60 beds,No,Yes,Yes,No,No,,(613) 925-2834
Hamilton Niagara Haldimand Brant (Hnhb), MS MARIA CLARKE  ,Rykka Care Centres Lp,,For-Profit,Home with approximately 132 beds,Yes,Yes,Yes,Yes,No,,(905) 637-3481
Waterloo Wellington, MS SUE DRONIK  ,Corporation Of The County Of Wellington,,Municipal,Home with approximately 176 beds,No,Yes,Yes,No,No,,(519) 846-5359
Hamilton Niagara Haldimand Brant (Hnhb), MS  KAREN ALLCROFT (A)  ,City Of Hamilton,,Municipal,Home with approximately 160 beds,No,Yes,Yes,Yes,No,,(905) 546-2618
Mississauga Halton, MS RAMONA NESMERAK  ,Toronto Long-term Care Homes And Services,,Municipal,Home with approximately 192 beds,Yes,Yes,Yes,Yes,No,,(416) 394-3600
South East, MS JACKIE MAXWELL  ,0760444 B.C. Ltd. As General Partner On Behalf Of Omni Health Care Limited Partnership,,For-Profit,Home with approximately 47 beds,No,Yes,No,Yes,No,,(613) 393-2055
Mississauga Halton, MIDE SEYI-AJAYI  ,Axr Operating (National) Lp,,For-Profit,Home with approximately 133 beds,No,Yes,Yes,Yes,No,,(905) 469-3294
Hamilton Niagara Haldimand Brant (Hnhb), MR DAN SEMENUK  ,Cvh (No.1) Lp,Extendicare (Canada) Inc.,For-Profit,Home with approximately 101 beds,Yes,Yes,Yes,Yes,No,,(905) 688-1031
Toronto Central, MR. MATT LAMB  ,West Park Healthcare Centre,Extendicare (Canada) Inc.,Non-Profit,Home with approximately 200 beds,Yes,Yes,Yes,Yes,No,,(416) 614-9494
South East, MS CARRIE DELINE  ,Crown Ridge Health Care Services Inc.,,For-Profit,Home with approximately 88 beds,Yes,Yes,Yes,Yes,No,,(613) 966-1323
South West, MS ANGIE HEINZ  ,Steeves & Rozema Enterprises Limited,,For-Profit,Home with approximately 160 beds,No,Yes,Yes,Yes,No,,(519) 472-6424
Central, MR JOHN SEEBACH  ,2063414 Ontario Limited As General Partner Of 2063414 Investment Lp,,For-Profit,Home with approximately 224 beds,No,Yes,Yes,Yes,No,,(416) 243-8879
Central West, MS STEPHANIE KARAPITA  ,Revera Long Term Care Inc.,,For-Profit,Home with approximately 242 beds,Yes,Yes,Yes,Yes,No,,(416) 745-4800
North East, MS CHERYL OSAWABINE-PELTIER  ,Wikwemikong Nursing Home Limited,,Non-Profit,Home with approximately 59 beds,Yes,Yes,No,Yes,No,,(705) 859-3107
South West, MR SCOTT WALSH  ,Wildwood Care Centre Inc.,,For-Profit,Home with approximately 60 beds,No,Yes,Yes,Yes,No,,(519) 284-3628
North West, MR ADAM BROWN  ,North Of Superior Healthcare Group,,Non-Profit,Home with approximately 22 beds,No,Yes,Yes,Yes,No,,rue
North West, MS CYNTHIA DWYER  ,Sioux Lookout Meno-ya-win Health Centre,,Non-Profit,Home with approximately 20 beds,No,Yes,No,Yes,No,,(807) 737-2877
Central East, TERRY PILGRIM  ,Axr Operating (National) Lp,,For-Profit,Home with approximately 110 beds,Yes,Yes,Yes,Yes,No,,(905) 426-6296
Central West, MS CAROL OIS  ,2063414 Ontario Limited As General Partner Of 2063414 Investment Lp,,For-Profit,Home with approximately 224 beds,No,Yes,Yes,Yes,No,,(905) 856-7200
Central West, MS DEBBIE MCINTOSH  ,Specialty Care / Woodhall Park Inc.,,For-Profit,Home with approximately 147 beds,No,Yes,Yes,Yes,No,,(905) 495-4695
South West, MR MARK DAGER (A)  ,County Of Oxford,,Municipal,Home with approximately 34 beds,No,Yes,No,No,No,,(519) 485-7053
South West, Ms Jen Healey  ,County Of Oxford,,Municipal,Home with approximately 34 beds,Yes,Yes,Yes,No,No,,(519) 688-4874
South West, MR MARK DAGER  ,County Of Oxford,,Municipal,Home with approximately 160 beds,Yes,Yes,No,No,No,,(519) 421-5556
Champlain, MS JANNA SABOURIN  ,0760444 B.C. Ltd. As General Partner On Behalf Of Omni Health Care Limited Partnership,,For-Profit,Home with approximately 119 beds,No,Yes,Yes,Yes,No,,(613) 534-2276
North Simcoe Muskoka, MS CATHY COTTON  ,Woods Park Care Centre Inc.,,For-Profit,Home with approximately 123 beds,Yes,Yes,Yes,Yes,No,,(705) 739-6881
Mississauga Halton, MS Rachelle Cuaresma-Canlas  ,Halton Healthcare Ltc Inc.,Extendicare (Canada) Inc.,Non-Profit,Home with approximately 128 beds,No,Yes,Yes,Yes,No,,(905) 849-7766
Central, MS AMY GO  ,Yee Hong Centre For Geriatric Care,,Non-Profit,Home with approximately 200 beds,Yes,Yes,Yes,Yes,No,,(905) 471-3232
Mississauga Halton, MS CHAU NHIEU-VI  ,Yee Hong Centre For Geriatric Care,,Non-Profit,Home with approximately 200 beds,Yes,Yes,Yes,Yes,No,,(905) 568-0333
Central East, MS JANET CHEE  ,Yee Hong Centre For Geriatric Care,,Non-Profit,Home with approximately 250 beds,Yes,Yes,Yes,Yes,No,,(416) 321-3000
Central East, MR IVAN IP  ,Yee Hong Centre For Geriatric Care,,Non-Profit,Home with approximately 155 beds,Yes,Yes,Yes,Yes,No,,(416) 321-6333
Central, MR GAUTHAM MEKALA  ,The Regional Municipality Of York,,Municipal,Home with approximately 100 beds,Yes,Yes,Yes,Yes,No,,(905) 303-0133
Central, MS JULIE CASAERT  ,The Regional Municipality Of York,,Municipal,Home with approximately 132 beds,Yes,Yes,Yes,Yes,No,,(905) 895-2381
North East, MS SAMANTHA HIEBERT  ,Smooth Rock Falls Hospital,,Non-Profit,Home with approximately 20 beds,No,Yes,No,Yes,Yes,,(705) 338-2781
,,,,,,,,,,,,
South West, MS BRENDA OHM  ,Southampton Care Centre Inc.,,For-Profit,Home with approximately 88 beds,Yes,Yes,Yes,Yes,No,,(519) 797-3220
North West, MS. JULIANA JASON  ,"Cvh (No. 9) Lp By Its General Partners, Southbridge Health Care Gp Inc. And Southbridge Care Homes (A Limited Partnership, By Its General Partner, Southbridge Care Homes Inc.)",Extendicare (Canada) Inc.,For-Profit,Home with approximately 131 beds,No,Yes,Yes,Yes,No,,(807) 623-9511
North West, MR JONATHAN RIABOV  ,"Cvh (No. 9) Lp By Its General Partners, Southbridge Health Care Gp Inc. And Southbridge Care Homes (A Limited Partnership, By Its General Partner, Southbridge Care Homes Inc.)",,For-Profit,Home with approximately 128 beds,No,Yes,Yes,Yes,No,,(807) 577-1127
North West, MS JOANNE LENT  ,"Cvh (No. 9) Lp By Its General Partners, Southbridge Health Care Gp Inc. And Southbridge Care Homes (A Limited Partnership, By Its General Partner, Southbridge Care Homes Inc.)",,For-Profit,Home with approximately 157 beds,No,Yes,Yes,Yes,No,,(807) 344-6929
Central, MS ANNE DEELSTRA  ,Southlake Residential Care Village,Extendicare (Canada) Inc.,Non-Profit,Home with approximately 224 beds,No,Yes,Yes,Yes,No,,(905) 895-7661
North Simcoe Muskoka, MS TRACI VANGRINSVEN  ,Spencer House Inc.,2063414 Investment Lp,Non-Profit,Home with approximately 160 beds,No,Yes,Yes,Yes,No,,(705) 326-6609
Central East, MS MAUREEN KING  ,0760444 B.C. Ltd. As General Partner On Behalf Of Omni Health Care Limited Partnership,,For-Profit,Home with approximately 68 beds,No,Yes,Yes,Yes,No,,(705) 742-8811
South West, MR PETER BOLLAND  ,Spruce Lodge Home For The Aged,,Municipal,Home with approximately 128 beds,Yes,Yes,No,Yes,No,,(519) 271-4090
South West, MR DARREN MICALLAF  ,Sprucedale Care Centre Inc.,C.D. Micallef Consulting Services Inc.,For-Profit,Home with approximately 96 beds,No,Yes,Yes,Yes,No,,(519) 245-2808
Champlain, MS. DIANE DUPUIS  ,"Cvh (No. 6) Lp By Its General Partners, Southbridge Health Care Gp Inc. And Southbridge Care Homes (A Limited Partnership, By Its General Partner, Southbridge Care Homes Inc.)",,For-Profit,Home with approximately 70 beds,No,Yes,Yes,Yes,Yes,,(613) 525-2022
Waterloo Wellington, MS MARY ALICE BARR  ,Steeves & Rozema Enterprises Limited,,For-Profit,Home with approximately 128 beds,No,Yes,Yes,Yes,No,,(519) 620-9512
Toronto Central, VANDA COZIER  ,St. Clair O'connor Community Inc.,,Non-Profit,Home with approximately 25 beds,No,Yes,Yes,Yes,No,,(416) 757-8757
North East, MR RAY INGRISELLI  ,St. Joseph's Health Centre Of Sudbury,,Non-Profit,Home with approximately 128 beds,No,Yes,Yes,Yes,Yes,,(705) 590-2580
Toronto Central, MS NANCY DEVERA  ,2063414 Ontario Limited As General Partner Of 2063414 Investment Lp,,For-Profit,Home with approximately 238 beds,Yes,Yes,Yes,Yes,No,,(416) 967-3985
Champlain, MS GINETTE BEAUDIN  ,412506 Ontario Ltd.,,Non-Profit,Home with approximately 60 beds,No,Yes,Yes,Yes,No,,(613) 443-3442
Central East, MS CAROLYN RODD  ,St Joseph's At Fleming,,Non-Profit,Home with approximately 200 beds,No,Yes,Yes,Yes,No,,(705) 743-4744
,,,,,,,,,,,,
,,,,,,,,,,,,
Hamilton Niagara Haldimand Brant (Hnhb), MR BIDAR SWAMY  ,St. Joseph's Health System,,Non-Profit,Home with approximately 205 beds,No,Yes,Yes,No,No,,(519) 751-7096
North East, MS CYNTHIA FARQUHAR  ,St. Joseph's General Hospital Elliot Lake,,Non-Profit,Home with approximately 64 beds,Yes,Yes,Yes,Yes,No,,(705) 848-1443
Hamilton Niagara Haldimand Brant (Hnhb), Ms Jaimie Williams  ,St. Joseph's Health System,,Non-Profit,Home with approximately 378 beds,Yes,Yes,Yes,Yes,No,,(905) 627-9011
North East, ROGER LEVEILLE  ,St. Joseph's Health Centre Of Sudbury,,Non-Profit,Home with approximately 128 beds,No,Yes,Yes,Yes,No,,(705) 674-4447
South East, MS CAROLYN ZACHARUK  ,"The Corporations Of The United Counties Of Leeds And Grenville, The City Of Brockville, The Town Of Gananoque And The Town Of Prescott",,Municipal,Home with approximately 224 beds,No,Yes,Yes,No,No,,(613) 345-0255
,,,,,,,,,,,,
Hamilton Niagara Haldimand Brant (Hnhb), MS JENNIFER BANKS  ,St. Peter's Care Centres,,Non-Profit,Home with approximately 210 beds,No,Yes,Yes,Yes,No,,(905) 383-0448
North Simcoe Muskoka, Ms Carolyn McLeod  ,Stayner Care Centre Inc.,,For-Profit,Home with approximately 49 beds,No,Yes,No,No,No,,(705) 428-3614
Waterloo Wellington, MS CHERYL LAWRENCE-HOLMES  ,Axr Operating (National) Lp,,For-Profit,Home with approximately 110 beds,No,Yes,Yes,Yes,No,,(519) 622-3434
South East, MS CHARMAINE JORDAN  ,Manorcare Partners,Eldercare Management & Consulting Corp.,For-Profit,Home with approximately 75 beds,No,Yes,No,Yes,No,,(613) 395-2596
Champlain, MS VANESSA LABRECQUE  ,Stoneridge Manor Operating Inc.,,For-Profit,Home with approximately 60 beds,No,Yes,Yes,Yes,No,,(613) 257-4355
Waterloo Wellington, Ms Amanda Henbid  ,Sharon Farms & Enterprises Limited,,For-Profit,Home with approximately 88 beds,Yes,Yes,Yes,Yes,No,,(519) 323-2140
South West, MR BRENT KERWIN  ,The Corporation Of The County Of Middlesex,,Municipal,Home with approximately 160 beds,Yes,Yes,Yes,No,No,,(519) 245-2520
Central East, MS KYLIE SZCZEBONSKI  ,0760444 B.C. Ltd. As General Partner On Behalf Of Omni Health Care Limited Partnership,,For-Profit,Home with approximately 59 beds,No,Yes,No,Yes,No,,(905) 372-0163
Mississauga Halton, Ms Jennifer Lee  ,Vigour Limited Partnership On Behalf Of Vigour General Partner Inc.,,For-Profit,Home with approximately 118 beds,No,Yes,Yes,Yes,No,,(905) 826-3045
Erie St. Clair, Mr Matthew Summerfield  ,Revera Long Term Care Inc.,,For-Profit,Home with approximately 100 beds,No,Yes,Yes,Yes,No,,(519) 542-3421
South West, MS CINDIE HOLM  ,Revera Long Term Care Inc.,,For-Profit,Home with approximately 119 beds,No,Yes,Yes,Yes,No,,(519) 376-3212
Erie St. Clair, MS JAYNE BROOKS-KELLER  ,The Corporation Of The County Of Essex,,Municipal,Home with approximately 206 beds,No,Yes,Yes,No,No,,(519) 326-1215
Central East, MS CATHY MCGINN  ,Sunnycrest Nursing Homes Limited,,For-Profit,Home with approximately 136 beds,No,Yes,Yes,Yes,No,,(905) 576-0111
Waterloo Wellington, MS JULIE WHEELER  ,Regional Municipality Of Waterloo,,Municipal,Home with approximately 263 beds,Yes,Yes,Yes,Yes,No,,(519) 893-8482
North Simcoe Muskoka, MS MARTINA WYNIA  ,Corporation Of The County Of Simcoe,,Municipal,Home with approximately 150 beds,Yes,Yes,Yes,Yes,No,,(705) 445-4499
Toronto Central, MS KATHLEEN FRANCIS  ,Toronto Finnish-canadian Seniors Centre,,Non-Profit,Home with approximately 34 beds,No,Yes,Yes,No,No,,(416) 421-6719
Central West, MS JESSICA ALTENOR  ,The Regional Municipality Of Peel,,Municipal,Home with approximately 160 beds,No,Yes,Yes,Yes,No,,(905) 791-7800
North East, Ms Tanya Schumacher  ,Corporation Of The Town Of Kirkland Lake,,Municipal,Home with approximately 81 beds,No,Yes,Yes,Yes,No,,(705) 567-3257
Hamilton Niagara Haldimand Brant (Hnhb), MS DARLEEN BARBER  ,Revera Long Term Care Inc.,,For-Profit,Home with approximately 45 beds,No,Yes,Yes,Yes,No,,(519) 442-4411
North East, MS FRANCINE GOSSELIN  ,Jarlette Ltd.,,For-Profit,Home with approximately 82 beds,Yes,Yes,Yes,Yes,No,,(705) 672-2123
Central East, MR FRANCIS MARTIS  ,Tendercare Nursing Homes Limited,Extendicare (Canada) Inc.,For-Profit,Home with approximately 254 beds,No,Yes,No,Yes,No,,(416) 499-2020
South West, Ms Christine Leonard  ,The Corporation Of The County Of Elgin Municipal Homes,,Municipal,Home with approximately 100 beds,Yes,Yes,Yes,No,No,,(519) 773-9205
North East, MS. KAREN HILL  ,Chapleau Health Services,,Non-Profit,Home with approximately 18 beds,Yes,Yes,No,Yes,Yes,,(705) 864-1520
,,,,,,,,,,,,
South West, Ms Jordan Kannampuzha  ,Atk Care Inc.,,For-Profit,Home with approximately 33 beds,No,Yes,Yes,Yes,No,,(519) 335-3168
Champlain, MS JANNA HOTSON  ,Deep River And District Hospital,,Non-Profit,Home with approximately 14 beds,No,Yes,No,Yes,No,,(613) 584-3333
Champlain, MR ERIC HANNA  ,The Arnprior And District Memorial Hospital,,Non-Profit,Home with approximately 61 beds,Yes,Yes,Yes,Yes,No,,(613) 623-6547
Hamilton Niagara Haldimand Brant (Hnhb), MS ANGELA LOSTRITTO  ,Henley House Limited,,For-Profit,Home with approximately 160 beds,No,Yes,Yes,Yes,No,,(905) 937-9703
Toronto Central, MR JORDAN GLICK  ,Heritage Nursing Homes Inc.,,For-Profit,Home with approximately 201 beds,Yes,Yes,Yes,Yes,No,,(416) 461-8185
Toronto Central, MR SIMON AKINSULIE  ,The Jewish Home For The Aged,,Non-Profit,Home with approximately 472 beds,No,Yes,Yes,Yes,No,,(416) 785-2500
South East, MS ANGELA MALCOLM  ,County Of Lennox And Addington,,Municipal,Home with approximately 168 beds,Yes,Yes,Yes,Yes,No,,(613) 354-3306
Toronto Central, MR WILLIAM O'NEILL  ,The Kensington Health Centre,,Non-Profit,Home with approximately 350 beds,No,Yes,Yes,Yes,No,,(416) 963-9640
South West, MS JOAN HERGOTT  ,Caressant-care Nursing And Retirement Homes Limited,,For-Profit,Home with approximately 43 beds,No,Yes,Yes,Yes,No,,(519) 655-2344
Hamilton Niagara Haldimand Brant (Hnhb), MS TINA PADOVANI  ,Axr Operating (National) Lp,,For-Profit,Home with approximately 128 beds,No,Yes,Yes,Yes,No,,(905) 304-1993
Hamilton Niagara Haldimand Brant (Hnhb), Ms. Kerry Zahra  ,The Regional Municipality Of Niagara,,Municipal,Home with approximately 121 beds,No,Yes,Yes,Yes,No,,(905) 357-1911
Hamilton Niagara Haldimand Brant (Hnhb), MS KELLY ISSAN  ,The Norfolk Hospital Nursing Home,,Non-Profit,Home with approximately 80 beds,No,Yes,Yes,Yes,No,,(519) 429-6973
Toronto Central, MS MARGARETTE PAGLIAROLI  ,848357 Ontario Inc.,Responsive Health Management Inc.,For-Profit,Home with approximately 162 beds,Yes,Yes,No,Yes,No,,(416) 536-1116
,,,,,,,,,,,,
North Simcoe Muskoka, Norm Barrette  ,The District Of The Municipality Of Muskoka,Extendicare (Canada) Inc.,Municipal,Home with approximately 160 beds,No,Yes,No,Yes,No,,(705) 645-4488
Champlain, Cameron McCallum (Interim)  ,The Governing Council Of The Salvation Army In Canada,,Non-Profit,Home with approximately 128 beds,No,Yes,Yes,Yes,No,,(613) 722-8025
North Simcoe Muskoka, Ms Tracy Hinks  ,Jarlette Ltd.,,For-Profit,Home with approximately 114 beds,Yes,Yes,No,Yes,No,,(705) 526-4238
Erie St. Clair, MRS TAMMY ROBERTS  ,Schlegel Villages Inc.,,For-Profit,Home with approximately 256 beds,No,No,No,No,No,,(519) 960-1050
Waterloo Wellington, MS CHRIS-ANNE PRESTON  ,Schlegel Villages Inc.,,For-Profit,Home with approximately 192 beds,No,No,No,No,No,,(519) 904-0650
South East, MRS LINDA PIERCE  ,0760444 B.C. Ltd. As General Partner On Behalf Of Omni Health Care Limited Partnership,,For-Profit,Home with approximately 66 beds,No,Yes,Yes,Yes,No,,(613) 388-2693
Erie St. Clair, MS DANA HOULE  ,R-b-j Schlegel Holdings Inc.,,For-Profit,Home with approximately 192 beds,No,Yes,Yes,Yes,No,,(519) 946-2055
Mississauga Halton, M. DENIS ZAFIROVSKI  ,Schlegel Villages Inc.,,For-Profit,Home with approximately 180 beds,No,Yes,Yes,Yes,No,,(905) 569-7155
South West, MS CINDY AWDE  ,The Homewood Corporation,Oakwood Retirement Communities Inc.,For-Profit,Home with approximately 192 beds,No,No,No,Yes,No,,(519) 668-5600
Central, MRS PAULINE DELL'OSO  ,Oakwood Retirement Communities Inc.,,For-Profit,Home with approximately 192 beds,No,Yes,No,Yes,No,,(416) 235-0201
Waterloo Wellington, MR BRYCE McBAIN  ,Schlegel Villages Inc.,,For-Profit,Home with approximately 192 beds,No,Yes,Yes,Yes,No,,(519) 822-5272
Central West, MS ZOHORA MOHAMMED  ,Oakwood Retirement Communities Inc.,,For-Profit,Home with approximately 120 beds,No,Yes,Yes,Yes,No,,(905) 458-9272
Hamilton Niagara Haldimand Brant (Hnhb), MS RIPU PHULL  ,Oakwood Retirement Communities Inc.,,For-Profit,Home with approximately 144 beds,No,Yes,Yes,Yes,No,,(905) 336-9904
Central East, MR DANIEL KENNEDY  ,Oakwood Retirement Communities Inc.,,For-Profit,Home with approximately 120 beds,No,Yes,Yes,Yes,No,,(905) 666-3156
Hamilton Niagara Haldimand Brant (Hnhb), MS SARA CALDER  ,Oakwood Retirement Communities Inc.,,For-Profit,Home with approximately 120 beds,No,Yes,Yes,Yes,No,,(905) 575-4735
Waterloo Wellington, MR BRAD LAWRENCE  ,Winston Hall Nursing Homes Limited,,For-Profit,Home with approximately 95 beds,No,Yes,No,Yes,No,,(519) 576-2430
South West, MR DYLAN SUBJECT  ,Hanover Operating Inc.,,For-Profit,Home with approximately 70 beds,No,Yes,Yes,Yes,No,,(519) 364-4320
Hamilton Niagara Haldimand Brant (Hnhb), MS LISA BRENTNALL  ,Barton Retirement Inc.,Southrim Development Inc.,For-Profit,Home with approximately 102 beds,No,Yes,Yes,Yes,No,,(905) 385-2111
North East, Cynthia Desormiers  ,The West Nipissing General Hospital,,Non-Profit,Home with approximately 48 beds,No,Yes,No,Yes,No,,(705) 753-3110
,,,,,,,,,,,,
Central, MS LINDA BURR  ,0760444 B.C. Ltd. As General Partner On Behalf Of Omni Health Care Limited Partnership,,For-Profit,Home with approximately 84 beds,No,Yes,No,Yes,No,,(905) 727-0128
